Visit ID,Agency Tax ID,Payer ID,Medicaid Number,Member ID,Caregiver Code,Schedule ID,Procedure Code,Visit Date,Schedule Start Time,Schedule End Time,Visit Start Time,Visit End Time,EVV Start Time,EVV End Time,Clock-In Service Location Type,Clock-In Phone Number,Clock-In Latitude,Clock-In Longitude,Clock-In EVV Other Info,Clock-Out Service Location Type,Clock-Out Phone Number,Clock-Out Latitude,Clock-Out Longitude,Clock-Out EVV Other Info,Units Billed,Visit Edit Reason Code,Visit Edit Action Taken,Is Deletion,Missed Visit,Missed Visit Reason Code,Notes
V-10001,000000000,DEMO-MLTC-01,DEMO-00003,CL-003,CG-004,SM-0001,S5125,2026-10-05,2026-10-05 07:00,2026-10-05 10:00,2026-10-05 06:59,2026-10-05 10:01,2026-10-05 06:59,2026-10-05 10:01,Home,,40.784987,-73.841668,,Home,,40.785316,-73.841070,,12,,,N,N,,DEMO
V-10002,000000000,DEMO-MLTC-01,DEMO-00009,CL-009,CG-006,SM-0002,T1019:U1,2026-10-05,2026-10-05 07:00,2026-10-05 11:00,2026-10-05 07:03,2026-10-05 11:04,2026-10-05 07:03,2026-10-05 11:04,Home,,40.701902,-73.918111,,Home,,40.701745,-73.918160,,16,,,N,N,,DEMO
V-10003,000000000,DEMO-MLTC-01,DEMO-00013,CL-013,CG-001,SM-0003,S5125,2026-10-05,2026-10-05 07:00,2026-10-05 11:00,2026-10-05 06:56,2026-10-05 10:58,2026-10-05 06:56,2026-10-05 10:58,Home,,40.770719,-73.921947,,Home,,40.770723,-73.921412,,16,,,N,N,,DEMO
V-10004,000000000,DEMO-MLTC-01,DEMO-00026,CL-026,CG-012,SM-0004,S5125,2026-10-05,2026-10-05 07:00,2026-10-05 11:00,2026-10-05 07:02,2026-10-05 11:01,2026-10-05 07:02,2026-10-05 11:01,Home,,40.672723,-73.897022,,Home,,40.672284,-73.897235,,15,,,N,N,,DEMO
V-10005,000000000,DEMO-MLTC-01,DEMO-00029,CL-029,CG-014,SM-0005,T1019:U1,2026-10-05,2026-10-05 07:00,2026-10-05 11:00,2026-10-05 06:56,2026-10-05 11:00,2026-10-05 06:56,2026-10-05 11:00,Home,7185550128,,,,Home,7185550128,,,,16,,,N,N,,DEMO
V-10006,000000000,DEMO-MLTC-01,DEMO-00047,CL-047,,SM-0006,T1019:U1,2026-10-05,2026-10-05 07:00,2026-10-05 11:00,2026-10-05 07:00,2026-10-05 11:00,2026-10-05 07:00,2026-10-05 11:00,Home,,40.637403,-74.011932,,Home,,40.637167,-74.011676,,16,,,N,N,,DEMO
V-10007,000000000,DEMO-MLTC-01,DEMO-00052,CL-052,CG-044,SM-0007,S5125,2026-10-05,2026-10-05 07:00,2026-10-05 11:00,2026-10-05 06:55,2026-10-05 11:05,2026-10-05 06:55,2026-10-05 11:05,Home,,,,FOB DEMO-052,Home,,,,FOB DEMO-052,16,,,N,N,,DEMO
V-10008,000000000,DEMO-MLTC-01,DEMO-00053,CL-053,CG-040,SM-0008,T1019:U1,2026-10-05,2026-10-05 07:00,2026-10-05 11:00,2026-10-05 06:57,2026-10-05 11:03,2026-10-05 06:57,2026-10-05 11:03,Home,,40.666812,-73.958519,,Home,,40.666877,-73.957863,,16,,,N,N,,DEMO
V-10009,000000000,DEMO-MLTC-01,DEMO-00057,CL-057,CG-045,SM-0009,S5125,2026-10-05,2026-10-05 07:00,2026-10-05 11:00,2026-10-05 06:59,2026-10-05 11:06,2026-10-05 06:59,2026-10-05 11:06,Home,7185550156,,,,Home,7185550156,,,,16,,,N,N,,DEMO
V-10010,000000000,DEMO-MLTC-01,DEMO-00059,CL-059,CG-037,SM-0010,S5125,2026-10-05,2026-10-05 07:00,2026-10-05 11:00,2026-10-05 07:02,2026-10-05 10:57,2026-10-05 07:02,2026-10-05 10:57,Home,,40.628065,-73.946800,,Home,,40.628101,-73.946839,,15,,,N,N,,DEMO
V-10011,000000000,DEMO-MLTC-01,DEMO-00001,CL-001,CG-024,SM-0011,S5125,2026-10-05,2026-10-05 08:00,2026-10-05 11:00,2026-10-05 07:58,2026-10-05 11:05,2026-10-05 07:58,2026-10-05 11:05,Home,,40.764664,-73.774360,,Home,,40.764888,-73.774246,,12,,,N,N,,DEMO
V-10012,000000000,DEMO-MLTC-01,DEMO-00016,CL-016,CG-008,SM-0012,S5125,2026-10-05,2026-10-05 08:00,2026-10-05 14:00,2026-10-05 07:58,2026-10-05 14:04,2026-10-05 07:58,2026-10-05 14:04,Home,,40.766634,-73.908685,,Home,,40.766263,-73.909043,,24,,,N,N,,DEMO
V-10013,000000000,DEMO-MLTC-01,DEMO-00032,CL-032,CG-010,SM-0013,T1019:U1,2026-10-05,2026-10-05 08:00,2026-10-05 12:00,2026-10-05 07:55,2026-10-05 12:01,2026-10-05 07:55,2026-10-05 12:01,Home,,40.655699,-74.009104,,Home,,40.655420,-74.008432,,16,,,N,N,,DEMO
V-10014,000000000,DEMO-MLTC-01,DEMO-00036,CL-036,CG-026,SM-0014,T1019:U1,2026-10-05,2026-10-05 08:00,2026-10-05 12:00,2026-10-05 08:00,2026-10-05 12:04,2026-10-05 08:00,2026-10-05 12:04,Home,,40.601065,-73.994796,,Home,,40.601313,-73.994635,,16,,,N,N,,DEMO
V-10015,000000000,DEMO-MLTC-01,DEMO-00045,CL-045,CG-036,SM-0015,T1019:U1,2026-10-05,2026-10-05 08:00,2026-10-05 12:00,2026-10-05 08:02,2026-10-05 12:04,2026-10-05 08:02,2026-10-05 12:04,Home,,40.637436,-74.018064,,Home,,40.637474,-74.017822,,16,,,N,N,,DEMO
V-10016,000000000,DEMO-MLTC-01,DEMO-00046,CL-046,CG-029,SM-0016,S5125,2026-10-05,2026-10-05 08:00,2026-10-05 14:00,2026-10-05 07:56,2026-10-05 13:59,2026-10-05 07:56,2026-10-05 13:59,Home,,40.738277,-73.882601,,Home,,40.738661,-73.882757,,24,,,N,N,,DEMO
V-10017,000000000,DEMO-MLTC-01,DEMO-00049,CL-049,CG-028,SM-0017,S5125,2026-10-05,2026-10-05 08:00,2026-10-05 14:00,2026-10-05 08:01,2026-10-05 14:03,2026-10-05 08:01,2026-10-05 14:03,Home,,40.600037,-73.998340,,Home,,40.599914,-73.998154,,24,,,N,N,,DEMO
V-10018,000000000,DEMO-MLTC-01,DEMO-00050,CL-050,CG-035,SM-0106,T1019:U1,2026-10-05,2026-10-05 08:00,2026-10-05 11:00,2026-10-05 08:02,2026-10-05 10:58,2026-10-05 08:02,2026-10-05 10:58,Home,,40.767212,-73.831878,,Home,,40.767726,-73.832101,,11,,,N,N,,DEMO
V-10019,000000000,DEMO-MLTC-01,DEMO-00055,CL-055,CG-043,SM-0019,T1019:U1,2026-10-05,2026-10-05 08:00,2026-10-05 13:00,2026-10-05 08:03,2026-10-05 13:04,2026-10-05 08:03,2026-10-05 13:04,Home,,40.640628,-73.898018,,Home,,40.640924,-73.897343,,20,,,N,N,,DEMO
V-10020,000000000,DEMO-MLTC-01,DEMO-00060,CL-060,CG-041,SM-0020,T1019:U1,2026-10-05,2026-10-05 08:00,2026-10-05 12:00,2026-10-05 08:03,2026-10-05 11:58,2026-10-05 08:03,2026-10-05 11:58,Home,,40.636899,-73.898266,,Home,,40.636412,-73.898083,,15,,,N,N,,DEMO
V-10021,000000000,DEMO-MLTC-01,DEMO-00005,CL-005,CG-042,SM-0021,T1019:U1,2026-10-05,2026-10-05 09:00,2026-10-05 12:00,2026-10-05 09:00,2026-10-05 12:00,2026-10-05 09:00,2026-10-05 12:00,Home,,40.734921,-73.727386,,Home,,40.735202,-73.727774,,12,,,N,N,,DEMO
V-10022,000000000,DEMO-MLTC-01,DEMO-00018,CL-018,CG-016,SM-0022,S5125,2026-10-05,2026-10-05 09:00,2026-10-05 13:00,2026-10-05 08:58,2026-10-05 12:58,2026-10-05 08:58,2026-10-05 12:58,Home,,40.679010,-74.005750,,Home,,40.679473,-74.006011,,16,,,N,N,,DEMO
V-10023,000000000,DEMO-MLTC-01,DEMO-00019,CL-019,CG-011,SM-0023,T1019:U1,2026-10-05,2026-10-05 09:00,2026-10-05 15:00,2026-10-05 09:03,2026-10-05 15:00,2026-10-05 09:03,2026-10-05 15:00,Home,,40.692007,-73.986515,,Home,,40.692456,-73.986842,,23,,,N,N,,DEMO
V-10024,000000000,DEMO-MLTC-01,DEMO-00021,CL-021,CG-018,SM-0024,S5125,2026-10-05,2026-10-05 09:00,2026-10-05 15:00,2026-10-05 08:55,2026-10-05 15:06,2026-10-05 08:55,2026-10-05 15:06,Home,,40.755722,-73.885171,,Home,,40.755714,-73.885192,,24,,,N,N,,DEMO
V-10025,000000000,DEMO-MLTC-01,DEMO-00030,CL-030,CG-019,SM-0025,T1019:U1,2026-10-05,2026-10-05 09:00,2026-10-05 13:00,2026-10-05 08:58,2026-10-05 12:59,2026-10-05 08:58,2026-10-05 12:59,Home,,40.751683,-73.883523,,Home,,40.751473,-73.883803,,16,,,N,N,,DEMO
V-10026,000000000,DEMO-MLTC-01,DEMO-00034,CL-034,CG-017,SM-0026,T1019:U1,2026-10-05,2026-10-05 09:00,2026-10-05 13:00,2026-10-05 08:57,2026-10-05 13:05,2026-10-05 08:57,2026-10-05 13:05,Home,,40.672679,-73.891301,,Home,,40.672657,-73.891623,,16,,,N,N,,DEMO
V-10027,000000000,DEMO-MLTC-01,DEMO-00006,CL-006,CG-007,SM-0027,S5125,2026-10-05,2026-10-05 10:00,2026-10-05 14:00,2026-10-05 09:55,2026-10-05 13:58,2026-10-05 09:55,2026-10-05 13:58,Home,7185550105,,,,Home,7185550105,,,,16,,,N,N,,DEMO
V-10028,000000000,DEMO-MLTC-01,DEMO-00035,CL-035,CG-021,SM-0028,S5125,2026-10-05,2026-10-05 10:00,2026-10-05 14:00,2026-10-05 09:59,2026-10-05 14:04,2026-10-05 09:59,2026-10-05 14:04,Home,7185550134,,,,Home,7185550134,,,,16,,,N,N,,DEMO
V-10029,000000000,DEMO-MLTC-01,DEMO-00054,CL-054,CG-038,SM-0029,S5125,2026-10-05,2026-10-05 10:00,2026-10-05 13:00,2026-10-05 09:56,2026-10-05 13:06,2026-10-05 09:56,2026-10-05 13:06,Home,,40.690402,-73.735932,,Home,,40.690541,-73.735536,,12,,,N,N,,DEMO
V-10030,000000000,DEMO-MLTC-01,DEMO-00011,CL-011,CG-002,SM-0030,S5125,2026-10-05,2026-10-05 12:00,2026-10-05 18:00,2026-10-05 12:00,2026-10-05 17:58,2026-10-05 12:00,2026-10-05 17:58,Home,,40.716922,-73.992284,,Home,,40.694320,-73.992308,,23,,,N,N,,DEMO
V-10031,000000000,DEMO-MLTC-01,DEMO-00023,CL-023,CG-015,SM-0031,S5125,2026-10-05,2026-10-05 12:00,2026-10-05 15:00,2026-10-05 12:01,2026-10-05 15:06,2026-10-05 12:01,2026-10-05 15:06,Home,,40.699197,-73.890242,,Home,,40.699421,-73.890361,,15,,,N,N,,DEMO
V-10032,000000000,DEMO-MLTC-01,DEMO-00028,CL-028,CG-013,SM-0032,S5125,2026-10-05,2026-10-05 12:00,2026-10-05 16:00,2026-10-05 12:03,2026-10-05 16:06,2026-10-05 12:03,2026-10-05 16:06,Home,,40.701883,-73.891317,,Community,,40.715765,-73.891583,,16,,,N,N,,"DEMO, escort to clinic"
V-10033,000000000,DEMO-MLTC-01,DEMO-00038,CL-038,CG-023,SM-0033,T1019:U1,2026-10-05,2026-10-05 12:00,2026-10-05 15:00,2026-10-05 11:55,2026-10-05 15:06,2026-10-05 11:55,2026-10-05 15:06,Home,,40.727273,-73.865593,,Home,,40.727377,-73.866274,,12,,,N,N,,DEMO
V-10034,000000000,DEMO-MLTC-01,DEMO-00048,CL-048,CG-035,SM-0034,T1019:U1,2026-10-05,2026-10-05 12:00,2026-10-05 18:00,2026-10-05 11:56,2026-10-05 18:06,2026-10-05 11:56,2026-10-05 18:06,Home,,40.640927,-74.013681,,,,,,,24,,,N,N,,DEMO
V-10035,000000000,DEMO-MLTC-01,DEMO-00007,CL-007,CG-004,SM-0035,T1019:U1,2026-10-05,2026-10-05 13:00,2026-10-05 18:00,2026-10-05 12:56,2026-10-05 17:57,2026-10-05 12:56,2026-10-05 17:57,Home,,40.676239,-73.849340,,Home,,40.676264,-73.849013,,20,,,N,N,,DEMO
V-10036,000000000,DEMO-MLTC-01,DEMO-00002,CL-002,CG-003,SM-0036,T1019:U1,2026-10-05,2026-10-05 14:00,2026-10-05 20:00,2026-10-05 13:59,2026-10-05 20:06,2026-10-05 13:59,2026-10-05 20:06,Home,,40.659974,-73.738074,,Home,,40.659751,-73.737996,,24,,,N,N,,DEMO
V-10037,000000000,DEMO-MLTC-01,DEMO-00010,CL-010,CG-001,SM-0037,T1019:U1,2026-10-05,2026-10-05 14:00,2026-10-05 18:00,2026-10-05 13:58,2026-10-05 18:05,2026-10-05 13:58,2026-10-05 18:05,Home,7185550109,,,,Home,7185550109,,,,16,,,N,N,,DEMO
V-10038,000000000,DEMO-MLTC-01,DEMO-00015,CL-015,CG-038,SM-0038,T1019:U1,2026-10-05,2026-10-05 14:00,2026-10-05 20:00,2026-10-05 13:56,2026-10-05 20:04,2026-10-05 13:56,2026-10-05 20:04,Home,7185550114,,,,Home,7185550114,,,,24,,,N,N,,DEMO
V-10039,000000000,DEMO-MLTC-01,DEMO-00024,CL-024,CG-016,SM-0039,T1019:U1,2026-10-05,2026-10-05 14:00,2026-10-05 18:00,2026-10-05 13:56,2026-10-05 17:58,2026-10-05 13:56,2026-10-05 17:58,Home,,40.687393,-73.931533,,Home,,40.687566,-73.931428,,16,,,N,N,,DEMO
V-10040,000000000,DEMO-MLTC-01,DEMO-00025,CL-025,CG-017,SM-0040,T1019:U1,2026-10-05,2026-10-05 14:00,2026-10-05 17:00,2026-10-05 13:59,2026-10-05 17:06,2026-10-05 13:59,2026-10-05 17:06,Home,,,,FOB DEMO-025,Home,,,,FOB DEMO-025,12,,,N,N,,DEMO
V-10041,000000000,DEMO-MLTC-01,DEMO-00039,CL-039,CG-025,SM-0041,T1019:U1,2026-10-05,2026-10-05 14:00,2026-10-05 18:00,2026-10-05 13:59,2026-10-05 18:06,2026-10-05 13:59,2026-10-05 18:06,Home,,40.723705,-73.857884,,Home,,40.723794,-73.857096,,16,,,N,N,,DEMO
V-10042,000000000,DEMO-MLTC-01,DEMO-00043,CL-043,CG-027,SM-0042,T1019:U1,2026-10-05,2026-10-05 14:00,2026-10-05 18:00,2026-10-05 14:01,2026-10-05 18:00,2026-10-05 14:01,2026-10-05 18:00,Home,,40.720535,-73.840345,,Home,,40.720754,-73.840185,,15,,,N,N,,DEMO
V-10043,000000000,DEMO-MLTC-01,DEMO-00056,CL-056,CG-039,SM-0043,T1019:U1,2026-10-05,2026-10-05 14:00,2026-10-05 20:00,2026-10-05 13:55,2026-10-05 19:58,2026-10-05 13:55,2026-10-05 19:58,Home,,40.679416,-73.774875,,Home,,40.678994,-73.775154,,24,,,N,N,,DEMO
V-10044,000000000,DEMO-MLTC-01,DEMO-00014,CL-014,CG-011,SM-0044,T1019:U1,2026-10-05,2026-10-05 16:00,2026-10-05 20:00,2026-10-05 15:59,2026-10-05 20:00,2026-10-05 15:59,2026-10-05 20:00,Home,,40.731501,-73.825855,,Home,,40.732065,-73.825610,,16,,,N,N,,DEMO
V-10045,000000000,DEMO-MLTC-01,DEMO-00020,CL-020,CG-014,SM-0045,T1019:U1,2026-10-05,2026-10-05 16:00,2026-10-05 21:00,2026-10-05 15:57,2026-10-05 21:03,2026-10-05 15:57,2026-10-05 21:03,Home,,40.704809,-73.941681,,Home,,40.705430,-73.941813,,20,,,N,N,,DEMO
V-10046,000000000,DEMO-MLTC-01,DEMO-00022,CL-022,CG-020,SM-0046,T1019:U1,2026-10-05,2026-10-05 16:00,2026-10-05 20:00,2026-10-05 16:03,2026-10-05 19:58,2026-10-05 16:03,2026-10-05 19:58,Home,,40.707085,-73.916477,,Home,,40.707055,-73.915909,,15,,,N,N,,DEMO
V-10047,000000000,DEMO-MLTC-01,DEMO-00033,CL-033,CG-015,SM-0047,S5125,2026-10-05,2026-10-05 16:00,2026-10-05 19:00,2026-10-05 15:56,2026-10-05 19:01,2026-10-05 15:56,2026-10-05 19:01,Home,,40.765066,-73.870362,,Home,,40.764708,-73.869965,,12,,,N,N,,DEMO
V-10048,000000000,DEMO-MLTC-01,DEMO-00037,CL-037,CG-022,SM-0048,S5125,2026-10-05,2026-10-05 16:00,2026-10-05 20:00,2026-10-05 16:03,2026-10-05 20:00,2026-10-05 16:03,2026-10-05 20:00,Home,,40.598897,-73.972149,,Home,,40.599377,-73.971903,,15,,,N,N,,DEMO
V-10049,000000000,DEMO-MLTC-01,DEMO-00040,CL-040,CG-026,SM-0049,S5125,2026-10-05,2026-10-05 16:00,2026-10-05 21:00,2026-10-05 15:56,2026-10-05 21:05,2026-10-05 15:56,2026-10-05 21:05,Home,,40.588329,-73.943604,,Home,,40.587898,-73.943826,,20,,,N,N,,DEMO
V-10050,000000000,DEMO-MLTC-01,DEMO-00044,CL-044,CG-034,SM-0050,S5125,2026-10-05,2026-10-05 16:00,2026-10-05 20:00,2026-10-05 15:55,2026-10-05 19:59,2026-10-05 15:55,2026-10-05 19:59,Home,,40.616674,-73.981788,,Home,,40.617298,-73.981733,,16,,,N,N,,DEMO
V-10051,000000000,DEMO-MLTC-01,DEMO-00008,CL-008,CG-024,SM-0051,S5125,2026-10-05,2026-10-05 17:00,2026-10-05 21:00,2026-10-05 17:01,2026-10-05 21:00,2026-10-05 17:01,,Home,,40.730772,-73.818147,,Home,,,,,15,110,10,N,N,,DEMO
V-10052,000000000,DEMO-MLTC-01,DEMO-00017,CL-017,CG-037,SM-0052,T1019:U1,2026-10-05,2026-10-05 17:00,2026-10-05 20:00,2026-10-05 16:57,2026-10-05 19:58,2026-10-05 16:57,2026-10-05 19:58,Home,7185550116,,,,Home,7185550116,,,,12,,,N,N,,DEMO
V-10053,000000000,DEMO-MLTC-01,DEMO-00058,CL-058,CG-042,SM-0053,T1019:U1,2026-10-05,2026-10-05 17:00,2026-10-05 21:00,2026-10-05 16:59,2026-10-05 21:05,2026-10-05 16:59,2026-10-05 21:05,Home,,40.694326,-73.737252,,Home,,40.694595,-73.736898,,16,,,N,N,,DEMO
V-10054,000000000,DEMO-MLTC-01,DEMO-00009,CL-009,CG-006,SM-0054,T1019:U1,2026-10-06,2026-10-06 07:00,2026-10-06 11:00,2026-10-06 07:01,2026-10-06 11:02,2026-10-06 07:01,2026-10-06 11:02,Home,,40.701727,-73.918062,,Home,,40.701592,-73.918348,,16,,,N,N,,DEMO
V-10055,000000000,DEMO-MLTC-01,DEMO-00012,CL-012,CG-013,SM-0055,T1019:U1,2026-10-06,2026-10-06 07:00,2026-10-06 12:00,2026-10-06 07:00,2026-10-06 12:02,2026-10-06 07:00,2026-10-06 12:02,Home,,40.768534,-73.891503,,Home,,40.769021,-73.891251,,20,,,N,N,,DEMO
V-10056,000000000,DEMO-MLTC-01,DEMO-00013,CL-013,CG-001,SM-0056,S5125,2026-10-06,2026-10-06 07:00,2026-10-06 11:00,2026-10-06 06:56,2026-10-06 11:00,2026-10-06 06:56,2026-10-06 11:00,Home,,40.770807,-73.922209,,Home,,40.770777,-73.922192,,16,,,N,N,,DEMO
V-10057,000000000,DEMO-MLTC-01,DEMO-00026,CL-026,CG-012,SM-0057,S5125,2026-10-06,2026-10-06 07:00,2026-10-06 11:00,2026-10-06 06:55,2026-10-06 10:57,2026-10-06 06:55,2026-10-06 10:57,Home,,40.672858,-73.897799,,Home,,40.672796,-73.897547,,16,,,N,N,,DEMO
V-10058,000000000,DEMO-MLTC-01,DEMO-00029,CL-029,CG-014,SM-0058,T1019:U1,2026-10-06,2026-10-06 07:00,2026-10-06 11:00,2026-10-06 06:58,2026-10-06 11:04,2026-10-06 06:58,2026-10-06 11:04,Home,3475550113,,,,Home,7185550128,,,,16,,,N,N,,DEMO
V-10059,000000000,DEMO-MLTC-01,DEMO-00047,CL-047,CG-032,SM-0059,T1019:U1,2026-10-06,2026-10-06 07:00,2026-10-06 11:00,2026-10-06 06:56,2026-10-06 11:01,2026-10-06 06:56,2026-10-06 11:01,Home,,40.637195,-74.012025,,Home,,40.637648,-74.012527,,16,,,N,N,,DEMO
V-10060,000000000,DEMO-MLTC-01,DEMO-00052,CL-052,CG-044,SM-0060,S5125,2026-10-06,2026-10-06 07:00,2026-10-06 11:00,2026-10-06 06:57,2026-10-06 11:03,2026-10-06 06:57,2026-10-06 11:03,Home,,,,FOB DEMO-052,Home,,,,FOB DEMO-052,16,,,N,N,,DEMO
V-10061,000000000,DEMO-MLTC-01,DEMO-00057,CL-057,CG-045,SM-0061,S5125,2026-10-06,2026-10-06 07:00,2026-10-06 11:00,2026-10-06 06:58,2026-10-06 11:02,2026-10-06 06:58,2026-10-06 11:02,Home,7185550156,,,,Home,7185550156,,,,16,,,N,N,,DEMO
V-10062,000000000,DEMO-MLTC-01,DEMO-00016,CL-016,CG-008,SM-0062,S5125,2026-10-06,2026-10-06 08:00,2026-10-06 14:00,2026-10-06 07:57,2026-10-06 14:04,2026-10-06 07:57,2026-10-06 14:04,Home,,40.766518,-73.908692,,Home,,40.765967,-73.908572,,24,,,N,N,,DEMO
V-10063,000000000,DEMO-MLTC-01,DEMO-00045,CL-045,CG-036,SM-0063,T1019:U1,2026-10-06,2026-10-06 08:00,2026-10-06 12:00,2026-10-06 08:01,2026-10-06 12:03,2026-10-06 08:01,2026-10-06 12:03,Home,,40.637422,-74.017760,,Home,,40.637091,-74.017677,,16,,,N,N,,DEMO
V-10064,000000000,DEMO-MLTC-01,DEMO-00046,CL-046,CG-029,SM-0064,S5125,2026-10-06,2026-10-06 08:00,2026-10-06 14:00,2026-10-06 08:01,2026-10-06 14:01,2026-10-06 08:01,2026-10-06 14:01,Home,,40.738493,-73.882813,,Home,,40.738116,-73.882622,,24,,,N,N,,DEMO
V-10065,000000000,DEMO-MLTC-01,DEMO-00049,CL-049,CG-028,SM-0065,S5125,2026-10-06,2026-10-06 08:00,2026-10-06 14:00,2026-10-06 08:03,2026-10-06 14:05,2026-10-06 08:03,2026-10-06 14:05,Home,,40.600092,-73.998768,,Home,,40.599475,-73.998371,,24,,,N,N,,DEMO
V-10066,000000000,DEMO-MLTC-01,DEMO-00055,CL-055,CG-043,SM-0066,T1019:U1,2026-10-06,2026-10-06 08:00,2026-10-06 13:00,2026-10-06 08:00,2026-10-06 12:59,2026-10-06 08:00,2026-10-06 12:59,Home,,40.641274,-73.897452,,Home,,40.640929,-73.897432,,19,,,N,N,,DEMO
V-10067,000000000,DEMO-MLTC-01,DEMO-00018,CL-018,CG-010,SM-0067,S5125,2026-10-06,2026-10-06 09:00,2026-10-06 13:00,2026-10-06 08:59,2026-10-06 13:04,2026-10-06 08:59,2026-10-06 13:04,Home,,40.679499,-74.005501,,Home,,40.679302,-74.005689,,16,,,N,N,,DEMO
V-10068,000000000,DEMO-MLTC-01,DEMO-00019,CL-019,CG-040,SM-0068,T1019:U1,2026-10-06,2026-10-06 09:00,2026-10-06 15:00,2026-10-06 08:55,2026-10-06 14:57,2026-10-06 08:55,2026-10-06 14:57,Home,,40.692574,-73.986588,,Home,,40.691966,-73.986800,,24,,,N,N,,DEMO
V-10069,000000000,DEMO-MLTC-01,DEMO-00021,CL-021,CG-018,SM-0069,S5125,2026-10-06,2026-10-06 09:00,2026-10-06 15:00,2026-10-06 08:56,2026-10-06 15:00,2026-10-06 08:56,2026-10-06 15:00,Home,,40.755372,-73.884618,,Home,,40.755238,-73.885413,,24,,,N,N,,DEMO
V-10070,000000000,DEMO-MLTC-01,DEMO-00027,CL-027,CG-011,SM-0070,T1019:U1,2026-10-06,2026-10-06 09:00,2026-10-06 14:00,2026-10-06 08:57,2026-10-06 14:02,2026-10-06 08:57,2026-10-06 14:02,Home,7185550126,,,,Home,7185550126,,,,20,,,N,N,,DEMO
V-10071,000000000,DEMO-MLTC-01,DEMO-00030,CL-030,CG-019,SM-0071,T1019:U1,2026-10-06,2026-10-06 09:00,2026-10-06 13:00,2026-10-06 09:00,2026-10-06 12:57,2026-10-06 09:00,2026-10-06 12:57,Home,,40.751371,-73.883806,,Home,,40.751212,-73.883424,,15,,,N,N,,DEMO
V-10072,000000000,DEMO-MLTC-01,DEMO-00042,CL-042,CG-021,SM-0072,S5125,2026-10-06,2026-10-06 09:00,2026-10-06 14:00,2026-10-06 08:55,2026-10-06 14:06,2026-10-06 08:55,2026-10-06 14:06,Home,,40.600931,-73.974252,,Home,,40.600979,-73.973599,,20,,,N,N,,DEMO
V-10073,000000000,DEMO-MLTC-01,DEMO-00006,CL-006,CG-007,SM-0073,S5125,2026-10-06,2026-10-06 10:00,2026-10-06 14:00,2026-10-06 09:58,2026-10-06 14:01,2026-10-06 09:58,2026-10-06 14:01,Home,7185550105,,,,Home,7185550105,,,,16,,,N,N,,DEMO
V-10074,000000000,DEMO-MLTC-01,DEMO-00051,CL-051,CG-033,SM-0074,S5125,2026-10-06,2026-10-06 10:00,2026-10-06 15:00,2026-10-06 10:03,2026-10-06 15:06,2026-10-06 10:03,2026-10-06 15:06,Home,,40.603757,-73.991159,,Home,,40.603125,-73.991557,,20,,,N,N,,DEMO
V-10075,000000000,DEMO-MLTC-01,DEMO-00011,CL-011,CG-002,SM-0075,S5125,2026-10-06,2026-10-06 12:00,2026-10-06 18:00,2026-10-06 11:59,2026-10-06 17:57,2026-10-06 11:59,2026-10-06 17:57,Home,,40.694815,-73.993122,,Home,,40.694681,-73.993125,,23,,,N,N,,DEMO
V-10076,000000000,DEMO-MLTC-01,DEMO-00048,CL-048,CG-035,SM-0076,T1019:U1,2026-10-06,2026-10-06 12:00,2026-10-06 18:00,2026-10-06 11:59,2026-10-06 18:02,2026-10-06 11:59,2026-10-06 18:02,Home,,40.641348,-74.013249,,Home,,40.641295,-74.013379,,24,,,N,N,,DEMO
V-10077,000000000,DEMO-MLTC-01,DEMO-00007,CL-007,CG-004,SM-0077,T1019:U1,2026-10-06,2026-10-06 13:00,2026-10-06 18:00,2026-10-06 12:55,2026-10-06 18:03,2026-10-06 12:55,2026-10-06 18:03,Home,,40.676408,-73.848892,,Home,,40.676467,-73.849687,,20,,,N,N,,DEMO
V-10078,000000000,DEMO-MLTC-01,DEMO-00002,CL-002,CG-003,SM-0078,T1019:U1,2026-10-06,2026-10-06 14:00,2026-10-06 20:00,2026-10-06 14:01,2026-10-06 20:02,2026-10-06 14:01,2026-10-06 20:02,Home,,40.659706,-73.737243,,Home,,40.659942,-73.737313,,24,,,N,N,,DEMO
V-10079,000000000,DEMO-MLTC-01,DEMO-00015,CL-015,CG-038,SM-0079,T1019:U1,2026-10-06,2026-10-06 14:00,2026-10-06 20:00,2026-10-06 13:57,2026-10-06 20:00,2026-10-06 13:57,2026-10-06 20:00,Home,7185550114,,,,Home,7185550114,,,,24,,,N,N,,DEMO
V-10080,000000000,DEMO-MLTC-01,DEMO-00024,CL-024,CG-016,SM-0080,T1019:U1,2026-10-06,2026-10-06 14:00,2026-10-06 18:00,2026-10-06 14:01,2026-10-06 18:05,2026-10-06 14:01,2026-10-06 18:05,Home,,40.688092,-73.931560,,Home,,40.687504,-73.931431,,16,,,N,N,,DEMO
V-10081,000000000,DEMO-MLTC-01,DEMO-00039,CL-039,CG-025,SM-0081,T1019:U1,2026-10-06,2026-10-06 14:00,2026-10-06 18:00,2026-10-06 13:57,2026-10-06 18:02,2026-10-06 13:57,2026-10-06 18:02,Home,,40.723450,-73.857605,,Home,,40.723794,-73.857239,,16,,,N,N,,DEMO
V-10082,000000000,DEMO-MLTC-01,DEMO-00043,CL-043,CG-027,SM-0082,T1019:U1,2026-10-06,2026-10-06 14:00,2026-10-06 18:00,2026-10-06 14:03,2026-10-06 18:03,2026-10-06 14:03,2026-10-06 18:03,Home,,40.720858,-73.840517,,Home,,40.720799,-73.840640,,16,,,N,N,,DEMO
V-10083,000000000,DEMO-MLTC-01,DEMO-00056,CL-056,CG-039,SM-0083,T1019:U1,2026-10-06,2026-10-06 14:00,2026-10-06 20:00,2026-10-06 14:02,2026-10-06 20:06,2026-10-06 14:02,2026-10-06 20:06,Home,,40.679132,-73.775553,,Home,,40.678934,-73.775681,,24,,,N,N,,DEMO
V-10084,000000000,DEMO-MLTC-01,DEMO-00020,CL-020,CG-014,SM-0084,T1019:U1,2026-10-06,2026-10-06 16:00,2026-10-06 21:00,2026-10-06 16:02,2026-10-06 21:05,2026-10-06 16:02,2026-10-06 21:05,Home,,40.705207,-73.941147,,Home,,40.705079,-73.941797,,20,,,N,N,,DEMO
V-10085,000000000,DEMO-MLTC-01,DEMO-00022,CL-022,CG-020,SM-0085,T1019:U1,2026-10-06,2026-10-06 16:00,2026-10-06 20:00,2026-10-06 15:58,2026-10-06 20:06,2026-10-06 15:58,2026-10-06 20:06,Home,,40.706702,-73.916605,,Home,,40.706710,-73.916623,,16,,,N,N,,DEMO
V-10086,000000000,DEMO-MLTC-01,DEMO-00037,CL-037,CG-022,SM-0086,S5125,2026-10-06,2026-10-06 16:00,2026-10-06 20:00,2026-10-06 16:03,2026-10-06 19:59,2026-10-06 16:03,2026-10-06 19:59,Home,,40.599047,-73.971581,,Home,,40.598986,-73.971908,,15,,,N,N,,DEMO
V-10087,000000000,DEMO-MLTC-01,DEMO-00040,CL-040,CG-026,SM-0087,S5125,2026-10-06,2026-10-06 16:00,2026-10-06 21:00,2026-10-06 16:03,2026-10-06 21:04,2026-10-06 16:03,2026-10-06 21:04,Home,,40.588149,-73.944584,,Home,,40.587851,-73.944195,,20,,,N,N,,DEMO
V-10088,000000000,DEMO-MLTC-01,DEMO-00044,CL-044,CG-034,SM-0088,S5125,2026-10-06,2026-10-06 16:00,2026-10-06 20:00,2026-10-06 15:57,2026-10-06 20:01,2026-10-06 15:57,2026-10-06 20:01,Home,,40.617027,-73.982307,,Home,,40.616942,-73.981780,,16,,,N,N,,DEMO
V-10089,000000000,DEMO-MLTC-01,DEMO-00003,CL-003,CG-004,SM-0089,S5125,2026-10-07,2026-10-07 07:00,2026-10-07 10:00,2026-10-07 07:01,2026-10-07 10:02,2026-10-07 07:01,2026-10-07 10:02,Home,,40.785053,-73.841479,,Home,,40.785290,-73.841376,,12,,,N,N,,DEMO
V-10090,000000000,DEMO-MLTC-01,DEMO-00009,CL-009,CG-006,SM-0090,T1019:U1,2026-10-07,2026-10-07 07:00,2026-10-07 11:00,2026-10-07 07:03,2026-10-07 11:05,2026-10-07 07:03,2026-10-07 11:05,Home,,40.701404,-73.918325,,Home,,40.701800,-73.918774,,16,,,N,N,,DEMO
V-10091,000000000,DEMO-MLTC-01,DEMO-00013,CL-013,CG-001,SM-0091,S5125,2026-10-07,2026-10-07 07:00,2026-10-07 11:00,2026-10-07 07:02,2026-10-07 11:01,2026-10-07 07:02,2026-10-07 11:01,Home,,40.771074,-73.921748,,Home,,40.771188,-73.921414,,15,,,N,N,,DEMO
V-10092,000000000,DEMO-MLTC-01,DEMO-00026,CL-026,CG-012,SM-0092,S5125,2026-10-07,2026-10-07 07:00,2026-10-07 11:00,2026-10-07 06:57,2026-10-07 10:59,2026-10-07 06:57,2026-10-07 10:59,Home,,40.672272,-73.897881,,Home,,40.672219,-73.897318,,16,,,N,N,,DEMO
V-10093,000000000,DEMO-MLTC-01,DEMO-00029,CL-029,CG-014,SM-0093,T1019:U1,2026-10-07,2026-10-07 07:00,2026-10-07 11:00,2026-10-07 06:57,2026-10-07 10:57,2026-10-07 06:57,2026-10-07 10:57,Home,7185550128,,,,Home,7185550128,,,,16,,,N,N,,DEMO
V-10094,000000000,DEMO-MLTC-01,DEMO-00047,CL-047,CG-032,SM-0094,T1019:U1,2026-10-07,2026-10-07 07:00,2026-10-07 11:00,2026-10-07 06:55,2026-10-07 11:05,2026-10-07 06:55,2026-10-07 11:05,Home,,40.636865,-74.012336,,Home,,40.636891,-74.012169,,16,,,N,N,,DEMO
V-10095,000000000,DEMO-MLTC-01,DEMO-00052,CL-052,CG-044,SM-0095,S5125,2026-10-07,2026-10-07 07:00,2026-10-07 11:00,2026-10-07 06:56,2026-10-07 11:06,2026-10-07 06:56,2026-10-07 11:06,Home,,,,FOB DEMO-052,Home,,,,FOB DEMO-052,16,,,N,N,,DEMO
V-10096,000000000,DEMO-MLTC-01,DEMO-00053,CL-053,CG-040,SM-0096,T1019:U1,2026-10-07,2026-10-07 07:00,2026-10-07 11:00,2026-10-07 07:02,2026-10-07 11:01,2026-10-07 07:02,2026-10-07 11:01,Home,,40.666871,-73.958083,,Home,,40.667109,-73.958055,,15,,,N,N,,DEMO
V-10097,000000000,DEMO-MLTC-01,DEMO-00057,CL-057,CG-045,SM-0097,S5125,2026-10-07,2026-10-07 07:00,2026-10-07 11:00,2026-10-07 06:58,2026-10-07 11:03,2026-10-07 06:58,2026-10-07 11:03,Home,7185550156,,,,Home,7185550156,,,,16,,,N,N,,DEMO
V-10098,000000000,DEMO-MLTC-01,DEMO-00059,CL-059,CG-037,SM-0098,S5125,2026-10-07,2026-10-07 07:00,2026-10-07 11:00,2026-10-07 06:57,2026-10-07 11:05,2026-10-07 06:57,2026-10-07 11:05,Home,,40.627486,-73.946952,,Home,,40.628031,-73.946798,,16,,,N,N,,DEMO
V-10099,000000000,DEMO-MLTC-01,DEMO-00001,CL-001,CG-024,SM-0099,S5125,2026-10-07,2026-10-07 08:00,2026-10-07 11:00,2026-10-07 07:56,2026-10-07 10:58,2026-10-07 07:56,2026-10-07 10:58,Home,,40.764703,-73.773904,,Home,,40.764699,-73.774027,,12,,,N,N,,DEMO
V-10100,000000000,DEMO-MLTC-01,DEMO-00016,CL-016,CG-008,SM-0100,S5125,2026-10-07,2026-10-07 08:00,2026-10-07 14:00,2026-10-07 08:00,2026-10-07 14:03,2026-10-07 08:00,2026-10-07 14:03,Home,,40.766684,-73.908915,,Home,,40.765999,-73.908339,,24,,,N,N,,DEMO
V-10101,000000000,DEMO-MLTC-01,DEMO-00032,CL-032,CG-010,SM-0101,S5125,2026-10-07,2026-10-07 08:00,2026-10-07 12:00,2026-10-07 07:58,2026-10-07 12:04,2026-10-07 07:58,2026-10-07 12:04,Home,,40.655398,-74.008894,,Home,,40.655477,-74.008785,,16,,,N,N,,DEMO
V-10102,000000000,DEMO-MLTC-01,DEMO-00036,CL-036,CG-026,SM-0102,T1019:U1,2026-10-07,2026-10-07 08:00,2026-10-07 12:00,2026-10-07 07:58,,2026-10-07 07:58,,Home,,40.601099,-73.994163,,,,,,,16,,,N,N,,DEMO
V-10103,000000000,DEMO-MLTC-01,DEMO-00045,CL-045,CG-036,SM-0103,T1019:U1,2026-10-07,2026-10-07 08:00,2026-10-07 12:00,2026-10-07 07:56,2026-10-07 12:05,2026-10-07 07:56,2026-10-07 12:05,Home,,40.637304,-74.017687,,Home,,40.637503,-74.017855,,16,,,N,N,,DEMO
V-10104,000000000,DEMO-MLTC-01,DEMO-00046,CL-046,CG-029,SM-0104,S5125,2026-10-07,2026-10-07 08:00,2026-10-07 14:00,2026-10-07 07:55,2026-10-07 14:02,2026-10-07 07:55,2026-10-07 14:02,Home,,40.738574,-73.882383,,Home,,40.738070,-73.883134,,24,,,N,N,,DEMO
V-10105,000000000,DEMO-MLTC-01,DEMO-00049,CL-049,CG-028,SM-0105,S5125,2026-10-07,2026-10-07 08:00,2026-10-07 14:00,2026-10-07 07:56,2026-10-07 01:58,2026-10-07 07:56,2026-10-07 01:58,Home,,40.599905,-73.998516,,Home,,40.599876,-73.998594,,24,,,N,N,,DEMO
V-10106,000000000,DEMO-MLTC-01,DEMO-00050,CL-050,CG-035,SM-0106,T1019:U1,2026-10-07,2026-10-07 08:00,2026-10-07 11:00,2026-10-07 07:58,2026-10-07 10:57,2026-10-07 07:58,2026-10-07 10:57,Home,,40.767274,-73.831655,,Home,,40.767537,-73.832315,,11,,,N,N,,DEMO
V-10107,000000000,DEMO-MLTC-01,DEMO-00055,CL-055,CG-043,SM-0107,T1019:U1,2026-10-07,2026-10-07 08:00,2026-10-07 13:00,2026-10-07 08:02,2026-10-07 13:05,2026-10-07 08:02,2026-10-07 13:05,Home,,40.640741,-73.897485,,Home,,40.640960,-73.897974,,20,,,N,N,,DEMO
V-10108,000000000,DEMO-MLTC-01,DEMO-00060,CL-060,CG-041,SM-0108,T1019:U1,2026-10-07,2026-10-07 08:00,2026-10-07 12:00,2026-10-07 08:02,2026-10-07 12:03,2026-10-07 08:02,2026-10-07 12:03,Home,,40.636571,-73.898862,,Home,,40.637194,-73.898809,,16,,,N,N,,DEMO
V-10109,000000000,DEMO-MLTC-01,DEMO-00005,CL-005,CG-042,SM-0109,T1019:U1,2026-10-07,2026-10-07 09:00,2026-10-07 12:00,2026-10-07 08:57,2026-10-07 11:58,2026-10-07 08:57,2026-10-07 11:58,Home,,40.735344,-73.727705,,Home,,40.734903,-73.727549,,12,,,N,N,,DEMO
V-10110,000000000,DEMO-MLTC-01,DEMO-00018,CL-018,CG-005,SM-0110,S5125,2026-10-07,2026-10-07 09:00,2026-10-07 13:00,2026-10-07 08:58,2026-10-07 13:05,2026-10-07 08:58,2026-10-07 13:05,Home,,40.679294,-74.006032,,Home,,40.679087,-74.005378,,16,,,N,N,,DEMO
V-10111,000000000,DEMO-MLTC-01,DEMO-00019,CL-019,CG-011,SM-0111,T1019:U1,2026-10-07,2026-10-07 09:00,2026-10-07 15:00,2026-10-07 08:58,2026-10-07 14:59,2026-10-07 08:58,2026-10-07 14:59,Home,,40.692603,-73.986321,,Home,,40.692467,-73.986459,,24,,,N,N,,DEMO
V-10112,000000000,DEMO-MLTC-01,DEMO-00021,CL-021,CG-018,SM-0112,S5125,2026-10-07,2026-10-07 09:00,2026-10-07 15:00,2026-10-07 09:03,2026-10-07 14:59,2026-10-07 09:03,2026-10-07 14:59,Home,,40.755122,-73.885355,,Home,,40.755674,-73.884527,,23,,,N,N,,DEMO
V-10113,000000000,DEMO-MLTC-01,DEMO-00030,CL-030,CG-019,SM-0113,T1019:U1,2026-10-07,2026-10-07 09:00,2026-10-07 13:00,2026-10-07 08:57,2026-10-07 12:59,2026-10-07 08:57,2026-10-07 12:59,Home,,40.751502,-73.883766,,Home,,40.751089,-73.883218,,16,,,N,N,,DEMO
V-10114,000000000,DEMO-MLTC-01,DEMO-00034,CL-034,CG-017,SM-0114,T1019:U1,2026-10-07,2026-10-07 09:00,2026-10-07 13:00,2026-10-07 08:57,2026-10-07 13:00,2026-10-07 08:57,,Home,,40.672843,-73.891427,,Home,,,,,16,,,N,N,,DEMO
V-10115,000000000,DEMO-MLTC-01,DEMO-00006,CL-006,CG-007,SM-0115,S5125,2026-10-07,2026-10-07 10:00,2026-10-07 14:00,2026-10-07 10:02,2026-10-07 14:06,2026-10-07 10:02,2026-10-07 14:06,Home,7185550105,,,,Home,7185550105,,,,16,,,N,N,,DEMO
V-10116,000000000,DEMO-MLTC-01,DEMO-00035,CL-035,CG-021,SM-0116,S5125,2026-10-07,2026-10-07 10:00,2026-10-07 14:00,2026-10-07 10:03,2026-10-07 14:05,2026-10-07 10:03,2026-10-07 14:05,Home,7185550134,,,,Home,7185550134,,,,16,,,N,N,,DEMO
V-10117,000000000,DEMO-MLTC-01,DEMO-00054,CL-054,CG-038,SM-0117,S5125,2026-10-07,2026-10-07 10:00,2026-10-07 13:00,2026-10-07 09:59,2026-10-07 12:58,2026-10-07 09:59,2026-10-07 12:58,Home,,40.690221,-73.735525,,Home,,40.690342,-73.735882,,11,,,N,N,,DEMO
V-10118,000000000,DEMO-MLTC-01,DEMO-00011,CL-011,CG-002,SM-0118,S5125,2026-10-07,2026-10-07 12:00,2026-10-07 18:00,2026-10-07 11:55,2026-10-07 18:01,2026-10-07 11:55,2026-10-07 18:01,Home,,40.694359,-73.992919,,Home,,40.694683,-73.992854,,24,,,N,N,,DEMO
V-10119,000000000,DEMO-MLTC-01,DEMO-00023,CL-023,CG-015,SM-0119,S5125,2026-10-07,2026-10-07 12:00,2026-10-07 15:00,2026-10-07 11:55,2026-10-07 14:58,2026-10-07 11:55,2026-10-07 14:58,Home,,40.699388,-73.890663,,Home,,40.698867,-73.890239,,12,,,N,N,,DEMO
V-10120,000000000,DEMO-MLTC-01,DEMO-00028,CL-028,CG-013,SM-0120,S5125,2026-10-07,2026-10-07 12:00,2026-10-07 16:00,2026-10-07 11:55,2026-10-07 15:57,2026-10-07 11:55,2026-10-07 15:57,Home,,40.702136,-73.891303,,Home,,40.701899,-73.891604,,16,,,N,N,,DEMO
V-10121,000000000,DEMO-MLTC-01,DEMO-00038,CL-038,CG-023,SM-0121,T1019:U1,2026-10-07,2026-10-07 12:00,2026-10-07 15:00,2026-10-07 11:55,2026-10-07 15:04,2026-10-07 11:55,2026-10-07 15:04,Home,,40.727489,-73.865502,,Home,,40.727543,-73.865705,,12,,,N,N,,DEMO
V-10122,000000000,DEMO-MLTC-01,DEMO-00048,CL-048,CG-035,SM-0122,T1019:U1,2026-10-07,2026-10-07 12:00,2026-10-07 18:00,2026-10-07 11:56,2026-10-07 18:01,2026-10-07 11:56,2026-10-07 18:01,Home,,40.641367,-74.013626,,Home,,40.640822,-74.013294,,24,,,N,N,,DEMO
V-10123,000000000,DEMO-MLTC-01,DEMO-00007,CL-007,CG-004,SM-0123,T1019:U1,2026-10-07,2026-10-07 13:00,2026-10-07 18:00,2026-10-07 13:01,2026-10-07 17:59,2026-10-07 13:01,2026-10-07 17:59,Home,,40.676286,-73.849211,,Home,,40.676693,-73.849679,,19,,,N,N,,DEMO
V-10124,000000000,DEMO-MLTC-01,DEMO-00002,CL-002,CG-003,SM-0124,T1019:U1,2026-10-07,2026-10-07 14:00,2026-10-07 20:00,2026-10-07 13:56,2026-10-07 19:58,2026-10-07 13:56,2026-10-07 19:58,Home,,40.659746,-73.737563,,Home,,40.659398,-73.737603,,24,,,N,N,,DEMO
V-10125,000000000,DEMO-MLTC-01,DEMO-00010,CL-010,CG-001,SM-0125,T1019:U1,2026-10-07,2026-10-07 14:00,2026-10-07 18:00,2026-10-07 14:00,2026-10-07 18:05,2026-10-07 14:00,2026-10-07 18:05,Home,7185550109,,,,Home,7185550109,,,,16,,,N,N,,DEMO
V-10126,000000000,DEMO-MLTC-01,DEMO-00015,CL-015,CG-038,SM-0126,T1019:U1,2026-10-07,2026-10-07 14:00,2026-10-07 20:00,2026-10-07 13:56,2026-10-07 20:01,2026-10-07 13:56,2026-10-07 20:01,Home,7185550114,,,,Home,7185550114,,,,24,,,N,N,,DEMO
V-10127,000000000,DEMO-MLTC-01,DEMO-00024,CL-024,CG-016,SM-0127,T1019:U1,2026-10-07,2026-10-07 14:00,2026-10-07 18:00,2026-10-07 13:55,2026-10-07 17:58,2026-10-07 13:55,2026-10-07 17:58,Home,,40.687653,-73.931428,,Home,,40.687888,-73.931021,,16,,,N,N,,DEMO
V-10128,000000000,DEMO-MLTC-01,DEMO-00025,CL-025,CG-017,SM-0128,T1019:U1,2026-10-07,2026-10-07 14:00,2026-10-07 17:00,2026-10-07 14:02,2026-10-07 17:02,2026-10-07 14:02,2026-10-07 17:02,Home,,,,FOB DEMO-025,Home,,,,FOB DEMO-025,12,,,N,N,,DEMO
V-10129,000000000,DEMO-MLTC-01,DEMO-00039,CL-039,CG-025,SM-0129,T1019:U1,2026-10-07,2026-10-07 14:00,2026-10-07 18:00,2026-10-07 13:57,2026-10-07 18:00,2026-10-07 13:57,2026-10-07 18:00,Home,,40.723721,-73.857395,,Home,,40.723506,-73.857383,,16,,,N,N,,DEMO
V-10130,000000000,DEMO-MLTC-01,DEMO-00043,CL-043,CG-027,SM-0130,T1019:U6,2026-10-07,2026-10-07 14:00,2026-10-07 18:00,2026-10-07 13:59,2026-10-07 17:57,2026-10-07 13:59,2026-10-07 17:57,Home,,40.720760,-73.840735,,Home,,40.720482,-73.840159,,15,,,N,N,,DEMO
V-10131,000000000,DEMO-MLTC-01,DEMO-00056,CL-056,CG-040,SM-0131,T1019:U1,2026-10-07,2026-10-07 14:00,2026-10-07 20:00,2026-10-07 14:02,2026-10-07 19:59,2026-10-07 14:02,2026-10-07 19:59,Home,,40.679295,-73.775658,,Home,,40.679130,-73.775482,,23,,,N,N,,DEMO
V-10132,000000000,DEMO-MLTC-01,DEMO-00014,CL-014,CG-011,SM-0132,T1019:U1,2026-10-07,2026-10-07 16:00,2026-10-07 20:00,2026-10-07 15:58,2026-10-07 20:06,2026-10-07 15:58,2026-10-07 20:06,Home,,40.731715,-73.825722,,Home,,40.731973,-73.825925,,16,,,N,N,,DEMO
V-10133,000000000,DEMO-MLTC-01,DEMO-00020,CL-020,CG-014,SM-0133,T1019:U1,2026-10-07,2026-10-07 16:00,2026-10-07 21:00,2026-10-07 15:57,2026-10-07 21:02,2026-10-07 15:57,2026-10-07 21:02,Home,,40.704708,-73.941844,,Home,,40.705477,-73.941447,,20,,,N,N,,DEMO
V-10134,000000000,DEMO-MLTC-01,DEMO-00022,CL-022,CG-020,SM-0134,T1019:U1,2026-10-07,2026-10-07 16:00,2026-10-07 20:00,2026-10-07 16:03,2026-10-07 19:59,2026-10-07 16:03,2026-10-07 19:59,Home,,40.707287,-73.916093,,Home,,40.707309,-73.916523,,15,,,N,N,,DEMO
V-10135,000000000,DEMO-MLTC-01,DEMO-00033,CL-033,CG-015,SM-0135,S5125,2026-10-07,2026-10-07 16:00,2026-10-07 19:00,2026-10-07 16:03,2026-10-07 19:00,2026-10-07 16:03,2026-10-07 19:00,Home,,40.764820,-73.870259,,Home,,40.764546,-73.869666,,11,,,N,N,,DEMO
V-10136,000000000,DEMO-MLTC-01,DEMO-00037,CL-037,CG-022,SM-0136,S5125,2026-10-07,2026-10-07 16:00,2026-10-07 20:00,2026-10-07 16:03,2026-10-07 20:06,2026-10-07 16:03,2026-10-07 20:06,Home,,40.599209,-73.972031,,Home,,40.599325,-73.971497,,16,,,N,N,,DEMO
V-10137,000000000,DEMO-MLTC-01,DEMO-00040,CL-040,CG-026,SM-0137,S5125,2026-10-07,2026-10-07 16:00,2026-10-07 21:00,2026-10-07 16:02,2026-10-07 20:58,2026-10-07 16:02,2026-10-07 20:58,Home,,40.587820,-73.944539,,Home,,40.587809,-73.944397,,19,,,N,N,,DEMO
V-10138,000000000,DEMO-MLTC-01,DEMO-00044,CL-044,CG-034,SM-0138,S5125,2026-10-07,2026-10-07 16:00,2026-10-07 20:00,2026-10-07 16:01,2026-10-07 20:01,2026-10-07 16:01,2026-10-07 20:01,Home,,40.617101,-73.982149,,Home,,40.617340,-73.982107,,16,,,N,N,,DEMO
V-10139,000000000,DEMO-MLTC-01,DEMO-00008,CL-008,CG-024,SM-0139,S5125,2026-10-07,2026-10-07 17:00,2026-10-07 21:00,2026-10-07 16:55,2026-10-07 20:59,2026-10-07 16:55,2026-10-07 20:59,Home,,40.731120,-73.818083,,Home,,40.730555,-73.818359,,16,,,N,N,,DEMO
V-10140,000000000,DEMO-MLTC-01,DEMO-00017,CL-017,CG-037,SM-0140,T1019:U1,2026-10-07,2026-10-07 17:00,2026-10-07 20:00,2026-10-07 16:56,,2026-10-07 16:56,,Home,7185550116,,,,,,,,,12,,,N,N,,DEMO
V-10141,000000000,DEMO-MLTC-01,DEMO-00058,CL-058,CG-042,SM-0141,T1019:U1,2026-10-07,2026-10-07 17:00,2026-10-07 21:00,2026-10-07 16:58,2026-10-07 20:59,2026-10-07 16:58,2026-10-07 20:59,Home,,40.694217,-73.737228,,Home,,40.694377,-73.737293,,16,,,N,N,,DEMO
V-10142,000000000,DEMO-MLTC-01,DEMO-00009,CL-009,CG-006,SM-0142,T1019:U1,2026-10-08,2026-10-08 07:00,2026-10-08 11:00,2026-10-08 06:59,2026-10-08 10:59,2026-10-08 06:59,2026-10-08 10:59,Home,,40.701919,-73.918027,,Home,,40.701920,-73.918097,,16,,,N,N,,DEMO
V-10143,000000000,DEMO-MLTC-01,DEMO-00012,CL-012,CG-013,SM-0143,T1019:U1,2026-10-08,2026-10-08 07:00,2026-10-08 12:00,2026-10-08 07:02,2026-10-08 12:00,2026-10-08 07:02,2026-10-08 12:00,Home,,40.768314,-73.891463,,Home,,40.768367,-73.891490,,19,,,N,N,,DEMO
V-10144,000000000,DEMO-MLTC-01,DEMO-00013,CL-013,CG-001,SM-0144,S5125,2026-10-08,2026-10-08 07:00,2026-10-08 11:00,2026-10-08 06:58,2026-10-08 10:59,2026-10-08 06:58,2026-10-08 10:59,Home,,40.770690,-73.921698,,Home,,40.771115,-73.921814,,16,,,N,N,,DEMO
V-10145,000000000,DEMO-MLTC-01,DEMO-00026,CL-026,CG-012,SM-0145,S5125,2026-10-08,2026-10-08 07:00,2026-10-08 11:00,2026-10-08 06:57,2026-10-08 11:05,2026-10-08 06:57,2026-10-08 11:05,Home,,40.672084,-73.897565,,Home,,40.672068,-73.896920,,16,,,N,N,,DEMO
V-10146,000000000,DEMO-MLTC-01,DEMO-00029,CL-029,CG-014,SM-0146,T1019:U1,2026-10-08,2026-10-08 07:00,2026-10-08 11:00,2026-10-08 07:00,2026-10-08 11:04,2026-10-08 07:00,2026-10-08 11:04,Home,7185550128,,,,Home,7185550128,,,,16,,,N,N,,DEMO
V-10147,000000000,DEMO-MLTC-01,DEMO-00047,CL-047,CG-032,SM-0147,T1019:U1,2026-10-08,2026-10-08 07:00,2026-10-08 11:00,2026-10-08 06:57,2026-10-08 11:04,2026-10-08 06:57,2026-10-08 11:04,Home,,40.637341,-74.011769,,Home,,40.637030,-74.012379,,16,,,N,N,,DEMO
V-10148,000000000,DEMO-MLTC-01,DEMO-00052,CL-052,CG-044,SM-0148,S5125,2026-10-08,2026-10-08 07:00,2026-10-08 11:00,2026-10-08 07:00,2026-10-08 11:05,2026-10-08 07:00,2026-10-08 11:05,Home,,,,FOB DEMO-052,Home,,,,FOB DEMO-052,16,,,N,N,,DEMO
V-10149,000000000,DEMO-MLTC-01,DEMO-00057,CL-057,CG-045,SM-0149,S5125,2026-10-08,2026-10-08 07:00,2026-10-08 11:00,2026-10-08 07:03,2026-10-08 11:05,2026-10-08 07:03,2026-10-08 11:05,Home,7185550156,,,,Home,7185550156,,,,16,,,N,N,,DEMO
V-10150,000000000,DEMO-MLTC-01,DEMO-00016,CL-016,CG-008,SM-0150,S5125,2026-10-08,2026-10-08 08:00,2026-10-08 14:00,2026-10-08 08:01,2026-10-08 14:04,2026-10-08 08:01,2026-10-08 14:04,Home,,40.766598,-73.909087,,Home,,40.766113,-73.909173,,24,,,N,N,,DEMO
V-10151,000000000,DEMO-MLTC-01,DEMO-00045,CL-045,CG-036,SM-0151,T1019:U1,2026-10-08,2026-10-08 08:00,2026-10-08 12:00,,,,,Home,,,,,Home,,,,,,,,N,Y,DEMO-MV1,"DEMO, client in hospital"
V-10152,000000000,DEMO-MLTC-01,DEMO-00046,CL-046,CG-029,SM-0152,S5125,2026-10-08,2026-10-08 08:00,2026-10-08 14:00,2026-10-08 08:01,2026-10-08 14:00,2026-10-08 08:01,2026-10-08 14:00,Home,,40.738313,-73.882848,,Home,,40.738679,-73.883058,,23,,,N,N,,DEMO
V-10153,000000000,DEMO-MLTC-01,DEMO-00049,CL-049,CG-028,SM-0153,S5125,2026-10-08,2026-10-08 08:00,2026-10-08 14:00,2026-10-08 08:00,2026-10-08 14:05,2026-10-08 08:00,2026-10-08 14:05,Home,,40.599792,-73.998176,,Home,,40.599402,-73.998702,,24,,,N,N,,DEMO
V-10154,000000000,DEMO-MLTC-01,DEMO-00055,CL-055,CG-043,SM-0154,T1019:U1,2026-10-08,2026-10-08 08:00,2026-10-08 13:00,2026-10-08 07:56,2026-10-08 13:04,2026-10-08 07:56,2026-10-08 13:04,Home,,40.640960,-73.898213,,Home,,40.641203,-73.898209,,20,,,N,N,,DEMO
V-10155,000000000,DEMO-MLTC-01,DEMO-00018,CL-018,CG-010,SM-0155,S5125,2026-10-08,2026-10-08 09:00,2026-10-08 13:00,2026-10-08 08:59,2026-10-08 13:02,2026-10-08 08:59,2026-10-08 13:02,Home,,40.679034,-74.006012,,Home,,40.679578,-74.005440,,16,,,N,N,,DEMO
V-10156,000000000,DEMO-MLTC-01,DEMO-00019,CL-019,CG-037,SM-0156,T1019:U1,2026-10-08,2026-10-08 09:00,2026-10-08 15:00,2026-10-08 09:03,2026-10-08 15:05,2026-10-08 09:03,2026-10-08 15:05,Home,,40.692066,-73.986471,,Home,,40.691856,-73.986436,,24,,,N,N,,DEMO
V-10157,000000000,DEMO-MLTC-01,DEMO-00021,CL-021,CG-018,SM-0157,S5125,,2026-10-08 09:00,2026-10-08 15:00,2026-10-08 09:03,2026-10-08 15:04,2026-10-08 09:03,2026-10-08 15:04,Home,,40.755240,-73.884556,,Home,,40.755604,-73.885180,,24,,,N,N,,DEMO
V-10158,000000000,DEMO-MLTC-01,DEMO-00027,CL-027,CG-011,SM-0158,T1019:U1,2026-10-08,2026-10-08 09:00,2026-10-08 14:00,2026-10-08 09:01,2026-10-08 13:57,2026-10-08 09:01,2026-10-08 13:57,Home,7185550126,,,,Home,7185550126,,,,19,,,N,N,,DEMO
V-10159,000000000,DEMO-MLTC-01,DEMO-00030,CL-030,CG-019,SM-0159,T1019:U1,2026-10-08,2026-10-08 09:00,2026-10-08 13:00,2026-10-08 09:02,2026-10-08 13:02,2026-10-08 09:02,2026-10-08 13:02,Home,,40.751708,-73.883652,,Home,,40.751665,-73.883490,,16,,,N,N,,DEMO
V-10160,000000000,DEMO-MLTC-01,DEMO-00042,CL-042,CG-021,SM-0160,S5125,2026-10-08,2026-10-08 09:00,2026-10-08 14:00,2026-10-08 09:02,2026-10-08 14:06,2026-10-08 09:02,2026-10-08 14:06,Home,,40.600808,-73.974383,,Home,,40.600546,-73.974287,,20,,,N,N,,DEMO
V-10161,000000000,DEMO-MLTC-01,DEMO-00006,CL-006,CG-007,SM-0161,S5125,2026-10-08,2026-10-08 10:00,2026-10-08 14:00,2026-10-08 09:55,2026-10-08 14:01,2026-10-08 09:55,2026-10-08 14:01,Home,7185550105,,,,Home,7185550105,,,,16,,,N,N,,DEMO
V-10162,000000000,DEMO-MLTC-01,DEMO-00051,CL-051,CG-033,SM-0162,S5125,2026-10-08,2026-10-08 10:00,2026-10-08 15:00,2026-10-08 10:01,2026-10-08 15:03,2026-10-08 10:01,2026-10-08 15:03,Home,,40.603668,-73.991894,,Home,,40.603266,-73.991656,,20,,,N,N,,DEMO
V-10163,000000000,DEMO-MLTC-01,DEMO-00011,CL-011,CG-002,SM-0163,S5125,2026-10-08,2026-10-08 12:00,2026-10-08 18:00,2026-10-08 12:03,2026-10-08 18:02,2026-10-08 12:03,2026-10-08 18:02,Home,,40.694777,-73.992619,,Home,,40.694949,-73.992727,,23,,,N,N,,DEMO
V-10164,000000000,DEMO-MLTC-01,DEMO-00048,CL-048,CG-035,SM-0164,T1019:U1,2026-10-08,2026-10-08 12:00,2026-10-08 18:00,2026-10-08 11:59,2026-10-08 18:04,2026-10-08 11:59,2026-10-08 18:04,,,,,,Home,,40.641372,-74.013291,,24,,,N,N,,DEMO
V-10165,000000000,DEMO-MLTC-01,DEMO-00007,CL-007,CG-004,SM-0165,,2026-10-08,2026-10-08 13:00,2026-10-08 18:00,2026-10-08 13:02,2026-10-08 18:02,2026-10-08 13:02,2026-10-08 18:02,Home,,40.676505,-73.849123,,Home,,40.676685,-73.849224,,20,,,N,N,,DEMO
V-10166,000000000,DEMO-MLTC-01,DEMO-00002,CL-002,CG-003,SM-0166,T1019:U1,2026-10-08,2026-10-08 14:00,2026-10-08 20:00,2026-10-08 14:02,2026-10-08 20:04,2026-10-08 14:02,2026-10-08 20:04,Home,,40.659251,-73.737172,,Home,,40.659836,-73.737745,,24,,,N,N,,DEMO
V-10167,000000000,DEMO-MLTC-01,DEMO-00015,CL-015,CG-038,SM-0167,T1019:U1,2026-10-08,2026-10-08 14:00,2026-10-08 20:00,2026-10-08 14:03,2026-10-08 20:06,2026-10-08 14:03,2026-10-08 20:06,Home,7185550114,,,,Home,7185550114,,,,24,,,N,N,,DEMO
V-10168,000000000,DEMO-MLTC-01,DEMO-00024,CL-024,CG-016,SM-0168,T1019:U1,2026-10-08,2026-10-08 14:00,2026-10-08 18:00,2026-10-08 14:03,2026-10-08 17:58,2026-10-08 14:03,2026-10-08 17:58,Home,,40.687609,-73.931598,,Home,,40.687961,-73.930899,,15,,,N,N,,DEMO
V-10169,000000000,DEMO-MLTC-01,DEMO-00039,CL-039,CG-025,SM-0169,T1019:U1,2026-10-08,2026-10-08 14:00,2026-10-08 18:00,2026-10-08 14:00,2026-10-08 18:00,2026-10-08 14:00,2026-10-08 18:00,Home,,40.723922,-73.857249,,Home,,40.723228,-73.857395,,16,,,N,N,,DEMO
V-10170,000000000,DEMO-MLTC-01,DEMO-00043,CL-043,CG-027,SM-0170,T1019:U1,2026-10-08,2026-10-08 14:00,2026-10-08 18:00,2026-10-08 13:56,2026-10-08 18:06,2026-10-08 13:56,2026-10-08 18:06,Home,,40.720257,-73.840569,,Home,,40.720829,-73.840396,,16,,,N,N,,DEMO
V-10171,000000000,DEMO-MLTC-01,DEMO-00056,CL-056,CG-039,SM-0171,T1019:U1,2026-10-08,2026-10-08 14:00,2026-10-08 20:00,2026-10-08 14:00,2026-10-08 20:03,2026-10-08 14:00,2026-10-08 20:03,Home,,40.679384,-73.775340,,Home,,40.679248,-73.774948,,24,,,N,N,,DEMO
V-10172,000000000,DEMO-MLTC-01,DEMO-00020,CL-020,CG-013,SM-0172,T1019:U1,2026-10-08,2026-10-08 16:00,2026-10-08 21:00,2026-10-08 15:58,2026-10-08 21:00,2026-10-08 15:58,2026-10-08 21:00,Home,,40.705451,-73.940996,,Home,,40.705415,-73.927206,,20,,,N,N,,DEMO
V-10173,000000000,DEMO-MLTC-01,DEMO-00022,CL-022,CG-020,SM-0173,T1019:U1,2026-10-08,2026-10-08 16:00,2026-10-08 20:00,,,,,Home,,,,,Home,,,,,,,,N,Y,DEMO-MV1,"DEMO, client in hospital"
V-10174,000000000,DEMO-MLTC-01,DEMO-00037,CL-037,CG-022,SM-0174,S5125,2026-10-08,2026-10-08 16:00,2026-10-08 20:00,2026-10-08 15:57,2026-10-08 20:06,2026-10-08 15:57,2026-10-08 20:06,Home,,40.599371,-73.972090,,Home,,40.598719,-73.972166,,16,,,N,N,,DEMO
V-10175,000000000,DEMO-MLTC-01,DEMO-00040,CL-040,CG-026,SM-0175,S5125,2026-10-08,2026-10-08 16:00,2026-10-08 21:00,2026-10-08 15:58,2026-10-08 21:05,2026-10-08 15:58,2026-10-08 21:05,Home,,40.588002,-73.944328,,Home,,40.588355,-73.944461,,20,,,N,N,,DEMO
V-10176,000000000,DEMO-MLTC-01,DEMO-00044,CL-044,CG-034,SM-0176,S5125,2026-10-08,2026-10-08 16:00,2026-10-08 20:00,2026-10-08 15:55,2026-10-08 19:58,2026-10-08 15:55,2026-10-08 19:58,Home,,40.616821,-73.982489,,Home,,40.616814,-73.982214,,16,,,N,N,,DEMO
V-10177,000000000,DEMO-MLTC-01,DEMO-00003,CL-003,CG-004,SM-0177,S5125,2026-10-09,2026-10-09 07:00,2026-10-09 10:00,2026-10-09 07:01,2026-10-09 10:02,2026-10-09 07:01,2026-10-09 10:02,Home,,40.785553,-73.841376,,Home,,40.784934,-73.841420,,12,,,N,N,,DEMO
V-10178,000000000,DEMO-MLTC-01,DEMO-00009,CL-009,CG-006,SM-0178,T1019:U1,2026-10-09,2026-10-09 07:00,2026-10-09 11:00,2026-10-09 06:58,2026-10-09 11:01,2026-10-09 06:58,2026-10-09 11:01,Home,,40.701900,-73.918839,,Home,,40.701782,-73.918173,,16,,,N,N,,DEMO
V-10179,000000000,DEMO-MLTC-01,DEMO-00013,CL-013,CG-001,SM-0179,S5125,2026-10-09,2026-10-09 07:00,2026-10-09 11:00,2026-10-09 06:57,2026-10-09 11:06,2026-10-09 06:57,2026-10-09 11:06,Home,,40.771288,-73.922146,,Home,,40.770793,-73.921914,,16,,,N,N,,DEMO
V-10180,000000000,DEMO-MLTC-01,DEMO-00026,CL-026,CG-012,SM-0180,S5125,2026-10-09,2026-10-09 07:00,2026-10-09 11:00,2026-10-09 06:56,2026-10-09 11:06,2026-10-09 06:56,2026-10-09 11:06,Home,,40.672660,-73.897589,,Home,,40.672107,-73.897343,,16,,,N,N,,DEMO
V-10181,000000000,DEMO-MLTC-01,DEMO-00029,CL-029,CG-014,SM-0181,T1019:U1,2026-10-09,2026-10-09 07:00,2026-10-09 11:00,2026-10-09 07:02,2026-10-09 11:02,2026-10-09 07:02,2026-10-09 11:02,Home,7185550128,,,,Home,7185550128,,,,16,,,N,N,,DEMO
V-10182,000000000,DEMO-MLTC-01,DEMO-00047,CL-047,CG-032,SM-0182,T1019:U1,2026-10-09,2026-10-09 07:00,2026-10-09 11:00,2026-10-09 06:59,2026-10-09 10:58,2026-10-09 06:59,2026-10-09 10:58,Home,,40.636930,-74.012383,,Home,,40.637308,-74.012102,,15,,,N,N,,DEMO
V-10183,000000000,DEMO-MLTC-01,DEMO-00052,CL-052,CG-044,SM-0183,S5125,2026-10-09,2026-10-09 07:00,2026-10-09 11:00,2026-10-09 06:58,2026-10-09 11:04,2026-10-09 06:58,2026-10-09 11:04,Home,,,,FOB DEMO-052,Home,,,,FOB DEMO-052,16,,,N,N,,DEMO
V-10184,000000000,DEMO-MLTC-01,DEMO-00053,CL-053,CG-040,SM-0184,T1019:U1,2026-10-09,2026-10-09 07:00,2026-10-09 11:00,2026-10-09 06:57,2026-10-09 11:06,2026-10-09 06:57,2026-10-09 11:06,Home,,40.666678,-73.958485,,Home,,40.667151,-73.957865,,16,,,N,N,,DEMO
V-10185,000000000,DEMO-MLTC-01,DEMO-00057,CL-057,CG-045,SM-0185,S5125,2026-10-09,2026-10-09 07:00,2026-10-09 11:00,2026-10-09 06:59,2026-10-09 11:04,2026-10-09 06:59,2026-10-09 11:04,Home,7185550156,,,,Home,7185550156,,,,16,,,N,N,,DEMO
V-10186,000000000,DEMO-MLTC-01,DEMO-00059,CL-059,CG-037,SM-0186,S5125,2026-10-09,2026-10-09 07:00,2026-10-09 11:00,2026-10-09 06:56,2026-10-09 10:58,2026-10-09 06:56,2026-10-09 10:58,Home,,40.627910,-73.947062,,Home,,40.627832,-73.946288,,16,,,N,N,,DEMO
V-10187,000000000,DEMO-MLTC-01,DEMO-00001,CL-001,CG-024,SM-0187,S5125,2026-10-09,2026-10-09 08:00,2026-10-09 11:00,2026-10-09 08:03,2026-10-09 10:58,2026-10-09 08:03,2026-10-09 10:58,Home,,40.764498,-73.774585,,Home,,40.764598,-73.774676,,11,,,N,N,,DEMO
V-10188,000000000,DEMO-MLTC-01,DEMO-00016,CL-016,CG-008,SM-0188,S5125,2026-10-09,2026-10-09 08:00,2026-10-09 14:00,2026-10-09 07:55,2026-10-09 14:32,2026-10-09 07:55,2026-10-09 14:32,Home,,40.766471,-73.909128,,Home,,40.766653,-73.908977,,26,,,N,N,,DEMO
V-10189,000000000,DEMO-MLTC-01,DEMO-00032,CL-032,CG-010,SM-0189,T1019:U1,2026-10-09,2026-10-09 08:00,2026-10-09 12:00,2026-10-09 08:01,2026-10-09 11:57,2026-10-09 08:01,2026-10-09 11:57,Home,,40.655203,-74.008517,,Home,,40.655491,-74.008649,,15,,,N,N,,DEMO
V-10190,000000000,DEMO-MLTC-01,DEMO-00036,CL-036,CG-026,SM-0190,T1019:U1,2026-10-09,2026-10-09 08:00,2026-10-09 12:00,2026-10-09 07:56,2026-10-09 11:58,2026-10-09 07:56,2026-10-09 11:58,Home,,40.601250,-73.994808,,Home,,40.601143,-73.994243,,16,,,N,N,,DEMO
V-10191,000000000,DEMO-MLTC-01,DEMO-00045,CL-045,CG-036,SM-0191,T1019:U1,2026-10-09,2026-10-09 08:00,2026-10-09 12:00,,2026-10-09 12:03,,2026-10-09 12:03,,,,,,Home,,40.637152,-74.018167,,16,,,N,N,,DEMO
V-10192,000000000,DEMO-MLTC-01,DEMO-00046,CL-046,CG-029,SM-0192,S5125,2026-10-09,2026-10-09 08:00,2026-10-09 14:00,2026-10-09 07:55,2026-10-09 14:35,2026-10-09 07:55,2026-10-09 14:35,Home,,40.738691,-73.883130,,Home,,40.738119,-73.882690,,26,,,N,N,,DEMO
V-10193,000000000,DEMO-MLTC-01,DEMO-00049,CL-049,CG-028,SM-0193,S5125,2026-10-09,2026-10-09 08:00,2026-10-09 14:00,2026-10-09 07:59,2026-10-09 13:59,2026-10-09 07:59,2026-10-09 13:59,Home,,40.599610,-73.998831,,Home,,40.600039,-73.998575,,24,,,N,N,,DEMO
V-10194,000000000,DEMO-MLTC-01,DEMO-00050,CL-050,CG-035,SM-0194,T1019:U1,2026-10-09,2026-10-09 08:00,2026-10-09 11:00,2026-10-09 07:58,2026-10-09 11:00,2026-10-09 07:58,2026-10-09 11:00,Home,,40.767494,-73.831596,,Home,,40.767988,-73.831673,,12,,,N,N,,DEMO
V-10195,000000000,DEMO-MLTC-01,DEMO-00060,CL-060,CG-041,SM-0195,T1019:U1,2026-10-09,2026-10-09 08:00,2026-10-09 12:00,2026-10-09 07:57,2026-10-09 11:57,2026-10-09 07:57,2026-10-09 11:57,Home,,40.636872,-73.898774,,Home,,40.636811,-73.898512,,16,,,N,N,,DEMO
V-10196,000000000,DEMO-MLTC-01,DEMO-00005,CL-005,CG-042,SM-0196,T1019:U1,2026-10-09,2026-10-09 09:00,2026-10-09 12:00,2026-10-09 08:59,2026-10-09 12:06,2026-10-09 08:59,2026-10-09 12:06,Home,,40.735040,-73.727280,,Home,,40.735358,-73.727224,,12,,,N,N,,DEMO
V-10197,000000000,DEMO-MLTC-01,DEMO-00018,CL-018,CG-005,SM-0197,S5125,2026-10-09,2026-10-09 09:00,2026-10-09 13:00,2026-10-09 08:58,2026-10-09 13:06,2026-10-09 08:58,2026-10-09 13:06,Home,,40.679551,-74.005834,,Home,,40.679769,-74.005489,,16,,,N,N,,DEMO
V-10198,000000000,DEMO-MLTC-01,DEMO-00019,CL-019,CG-011,SM-0198,T1019:U1,2026-10-09,2026-10-09 09:00,2026-10-09 15:00,2026-10-09 08:55,2026-10-09 15:00,2026-10-09 08:55,2026-10-09 15:00,Home,,40.692603,-73.986773,,Home,,40.692099,-73.986371,,24,,,N,N,,DEMO
V-10199,000000000,DEMO-MLTC-01,DEMO-00021,CL-021,CG-018,SM-0199,S5125,2026-10-09,2026-10-09 09:00,2026-10-09 15:00,2026-10-09 09:02,2026-10-09 15:03,2026-10-09 09:02,2026-10-09 15:03,Home,,40.755757,-73.884959,,Home,,40.755566,-73.885341,,24,,,N,N,,DEMO
V-10200,000000000,DEMO-MLTC-01,DEMO-00030,CL-030,CG-019,SM-0200,T1019:U1,2026-10-09,2026-10-09 09:00,2026-10-09 13:00,2026-10-09 08:59,2026-10-09 12:57,2026-10-09 08:59,2026-10-09 12:57,Home,,40.751181,-73.883778,,Home,,40.751355,-73.883966,,15,,,N,N,,DEMO
V-10201,000000000,DEMO-MLTC-01,DEMO-00034,CL-034,CG-017,SM-0201,T1019:U1,2026-10-09,2026-10-09 09:00,2026-10-09 13:00,2026-10-09 08:59,2026-10-09 13:01,2026-10-09 08:59,2026-10-09 13:01,Home,,40.673151,-73.890954,,Home,,40.673076,-73.891511,,16,,,N,N,,DEMO
V-10202,000000000,DEMO-MLTC-01,DEMO-00006,CL-006,CG-007,SM-0202,S5125,2026-10-09,2026-10-09 10:00,2026-10-09 14:00,2026-10-09 09:55,2026-10-09 14:03,2026-10-09 09:55,2026-10-09 14:03,Home,7185550105,,,,Home,7185550105,,,,16,,,N,N,,DEMO
V-10203,000000000,DEMO-MLTC-01,DEMO-00035,CL-035,CG-021,SM-0203,S5125,2026-10-09,2026-10-09 10:00,2026-10-09 14:00,2026-10-09 09:56,2026-10-09 14:03,2026-10-09 09:56,2026-10-09 14:03,Home,7185550134,,,,Home,7185550134,,,,16,,,N,N,,DEMO
V-10204,000000000,DEMO-MLTC-01,DEMO-00054,CL-054,CG-038,SM-0204,S5125,2026-10-09,2026-10-09 10:00,2026-10-09 13:00,2026-10-09 10:02,2026-10-09 13:02,2026-10-09 10:02,2026-10-09 13:02,Home,,40.690509,-73.735179,,Home,,40.690258,-73.735874,,12,,,N,N,,DEMO
V-10205,000000000,DEMO-MLTC-01,DEMO-00011,CL-011,CG-002,SM-0205,S5125,2026-10-09,2026-10-09 12:00,2026-10-09 18:00,2026-10-09 11:56,2026-10-09 18:01,2026-10-09 11:56,2026-10-09 18:01,Home,,40.694393,-73.992414,,Home,,40.694536,-73.992535,,24,,,N,N,,DEMO
V-10206,000000000,DEMO-MLTC-01,DEMO-00023,CL-023,CG-015,SM-0206,S5125,2026-10-09,2026-10-09 12:00,2026-10-09 15:00,2026-10-09 12:02,2026-10-09 15:03,2026-10-09 12:02,2026-10-09 15:03,Home,,40.699140,-73.890463,,Home,,40.699506,-73.890425,,15,,,N,N,,DEMO
V-10207,000000000,DEMO-MLTC-01,DEMO-00028,CL-028,CG-013,SM-0207,S5125,2026-10-09,2026-10-09 12:00,2026-10-09 16:00,2026-10-09 12:02,2026-10-09 15:59,2026-10-09 12:02,2026-10-09 15:59,Home,,40.702482,-73.891900,,Home,,40.702330,-73.891682,,15,,,N,N,,DEMO
V-10208,000000000,DEMO-MLTC-01,DEMO-00038,CL-038,CG-023,SM-0208,T1019:U1,2026-10-09,2026-10-09 12:00,2026-10-09 15:00,2026-10-09 11:58,2026-10-09 14:59,2026-10-09 11:58,2026-10-09 14:59,Home,,40.727087,-73.865989,,Home,,40.727360,-73.866229,,12,,,N,N,,DEMO
V-10209,000000000,DEMO-MLTC-01,DEMO-00048,CL-048,CG-035,SM-0209,T1019:U1,2026-10-09,2026-10-09 12:00,2026-10-09 18:00,2026-10-09 11:59,2026-10-09 18:03,2026-10-09 11:59,2026-10-09 18:03,Home,,40.641388,-74.012971,,Home,,40.641066,-74.013717,,24,,,N,N,,DEMO
V-10210,000000000,DEMO-MLTC-01,DEMO-00002,CL-002,CG-003,SM-0210,T1019:U1,2026-10-09,2026-10-09 14:00,2026-10-09 20:00,2026-10-09 14:00,2026-10-09 20:02,,2026-10-09 20:02,Home,,,,,Home,,40.659765,-73.737873,,24,110,10,N,N,,DEMO
V-10211,000000000,DEMO-MLTC-01,DEMO-00010,CL-010,CG-001,SM-0211,T1019:U1,2026-10-09,2026-10-09 14:00,2026-10-09 18:00,2026-10-09 13:58,2026-10-09 18:04,2026-10-09 13:58,2026-10-09 18:04,Home,7185550109,,,,Home,7185550109,,,,16,,,N,N,,DEMO
V-10212,000000000,DEMO-MLTC-01,DEMO-00015,CL-015,CG-038,SM-0212,T1019:U1,2026-10-09,2026-10-09 14:00,2026-10-09 20:00,2026-10-09 13:59,2026-10-09 20:05,2026-10-09 13:59,2026-10-09 20:05,Home,7185550114,,,,Home,7185550114,,,,24,,,N,N,,DEMO
V-10213,000000000,DEMO-MLTC-01,DEMO-00024,CL-024,CG-016,SM-0213,T1019:U1,2026-10-09,2026-10-09 14:00,2026-10-09 18:00,2026-10-09 13:55,2026-10-09 18:06,2026-10-09 13:55,2026-10-09 18:06,Home,,40.687836,-73.931389,,Home,,40.687570,-73.930899,,16,,,N,N,,DEMO
V-10214,000000000,DEMO-MLTC-01,DEMO-00025,CL-025,CG-017,SM-0214,T1019:U1,2026-10-09,2026-10-09 14:00,2026-10-09 17:00,2026-10-09 14:00,2026-10-09 16:58,2026-10-09 14:00,2026-10-09 16:58,Home,,,,FOB DEMO-025,Home,,,,FOB DEMO-025,11,,,N,N,,DEMO
V-10215,000000000,DEMO-MLTC-01,DEMO-00039,CL-039,CG-025,SM-0215,T1019:U1,2026-10-09,2026-10-09 14:00,2026-10-09 18:00,2026-10-09 14:01,2026-10-09 18:02,2026-10-09 14:01,2026-10-09 18:02,Home,,40.723348,-73.857248,,Home,,40.723432,-73.857466,,16,,,N,N,,DEMO
V-10216,000000000,DEMO-MLTC-01,DEMO-00043,CL-043,CG-027,SM-0216,T1019:U1,2026-10-09,2026-10-09 14:00,2026-10-09 18:00,2026-10-09 14:02,2026-10-09 17:57,2026-10-09 14:02,2026-10-09 17:57,Home,,40.720570,-73.840271,,Home,,40.720369,-73.840450,,15,,,N,N,,DEMO
V-10217,000000000,DEMO-MLTC-01,DEMO-00056,CL-056,CG-039,SM-0217,T1019:U1,2026-10-09,2026-10-09 14:00,2026-10-09 20:00,2026-10-09 13:59,,2026-10-09 13:59,,Home,,40.678944,-73.775690,,,,,,,24,,,N,N,,DEMO
V-10218,000000000,DEMO-MLTC-01,DEMO-00014,CL-014,CG-011,SM-0218,T1019:U1,2026-10-09,2026-10-09 16:00,2026-10-09 20:00,2026-10-09 15:59,2026-10-09 19:58,2026-10-09 15:59,2026-10-09 19:58,Home,,40.731663,-73.825657,,Home,,40.731758,-73.825847,,15,,,N,N,,DEMO
V-10219,000000000,DEMO-MLTC-01,DEMO-00022,CL-022,CG-020,SM-0219,T1019:U1,2026-10-09,2026-10-09 16:00,2026-10-09 20:00,2026-10-09 16:01,2026-10-09 19:57,2026-10-09 16:01,2026-10-09 19:57,Home,,40.707081,-73.916161,,Home,,40.707231,-73.916372,,15,,,N,N,,DEMO
V-10220,000000000,DEMO-MLTC-01,DEMO-00033,CL-033,CG-015,SM-0220,S5125,2026-10-09,2026-10-09 16:00,2026-10-09 19:00,2026-10-09 16:01,2026-10-09 19:04,2026-10-09 16:01,2026-10-09 19:04,Home,,40.765173,-73.870168,,Home,,40.765092,-73.869501,,12,,,N,N,,DEMO
V-10221,000000000,DEMO-MLTC-01,DEMO-00037,CL-037,CG-022,SM-0221,S5125,2026-10-09,2026-10-09 16:00,2026-10-09 20:00,2026-10-09 15:57,2026-10-09 20:00,2026-10-09 15:57,2026-10-09 20:00,Home,,40.598698,-73.971311,,Home,,40.599025,-73.971825,,16,,,N,N,,DEMO
V-10222,000000000,DEMO-MLTC-01,DEMO-00044,CL-044,CG-034,SM-0222,S5125,2026-10-09,2026-10-09 16:00,2026-10-09 20:00,2026-10-09 16:00,2026-10-09 20:03,2026-10-09 16:25,2026-10-09 20:03,Home,,40.616616,-73.982662,,Home,,40.617339,-73.982147,,16,120,10,N,N,,DEMO
V-10223,000000000,DEMO-MLTC-01,DEMO-00008,CL-008,CG-024,SM-0223,S5125,2026-10-09,2026-10-09 17:00,2026-10-09 21:00,2026-10-09 17:02,2026-10-09 20:57,2026-10-09 17:02,2026-10-09 20:57,Home,,40.731245,-73.818238,,Home,,40.731097,-73.818411,,15,,,N,N,,DEMO
V-10224,000000000,DEMO-MLTC-01,DEMO-00017,CL-017,CG-037,SM-0224,T1019:U1,2026-10-09,2026-10-09 17:00,2026-10-09 20:00,2026-10-09 16:57,2026-10-09 19:59,2026-10-09 16:57,2026-10-09 19:59,Home,7185550116,,,,Home,7185550116,,,,12,,,N,N,,DEMO
V-10225,000000000,DEMO-MLTC-01,DEMO-00058,CL-058,CG-042,SM-0225,T1019:U1,2026-10-09,2026-10-09 17:00,2026-10-09 21:00,2026-10-09 11:36,2026-10-09 21:04,2026-10-09 11:36,2026-10-09 21:04,Home,,40.694254,-73.736848,,Home,,40.694329,-73.737368,,16,,,N,N,,DEMO
V-10226,000000000,DEMO-MLTC-01,DEMO-00009,CL-009,CG-006,SM-0226,T1019:U1,2026-10-10,2026-10-10 07:00,2026-10-10 11:00,2026-10-10 06:55,2026-10-10 11:05,2026-10-10 06:55,2026-10-10 11:05,Home,,40.701933,-73.918864,,Home,,40.701651,-73.918044,,16,,,N,N,,DEMO
V-10227,000000000,DEMO-MLTC-01,DEMO-00013,CL-013,CG-001,SM-0227,S5125,2026-10-10,2026-10-10 07:00,2026-10-10 11:00,2026-10-10 06:59,2026-10-10 10:58,2026-10-10 06:59,2026-10-10 10:58,Home,,40.771372,-73.922097,,Home,,40.770935,-73.921376,,15,,,N,N,,DEMO
V-10228,000000000,DEMO-MLTC-01,DEMO-00026,CL-026,CG-012,SM-0228,S5125,2026-10-10,2026-10-10 07:00,2026-10-10 11:00,2026-10-10 06:58,2026-10-10 11:02,2026-10-10 06:58,2026-10-10 11:02,Home,,40.672786,-73.897250,,Home,,40.672087,-73.897841,,16,,,N,N,,DEMO
V-10229,000000000,DEMO-MLTC-01,DEMO-00041,CL-041,CG-023,SM-0229,T1019:U1,2026-10-10,2026-10-10 08:00,2026-10-10 16:00,2026-10-10 08:03,2026-10-10 16:06,2026-10-10 08:03,2026-10-10 16:06,Home,,40.574591,-73.985344,,Home,,40.575025,-73.985428,,32,,,N,N,,DEMO
V-10230,000000000,DEMO-MLTC-01,DEMO-00045,CL-045,CG-036,SM-0230,T1019:U1,2026-10-10,2026-10-10 08:00,2026-10-10 12:00,2026-10-10 07:57,2026-10-10 12:05,2026-10-10 07:57,2026-10-10 12:05,Home,,40.637466,-74.018084,,Home,,40.637100,-74.017713,,16,,,N,N,,DEMO
V-10231,000000000,DEMO-MLTC-01,DEMO-00018,CL-018,CG-010,SM-0231,S5125,2026-10-10,2026-10-10 09:00,2026-10-10 13:00,2026-10-10 09:03,2026-10-10 13:00,2026-10-10 09:03,2026-10-10 13:00,Home,,40.679269,-74.005617,,Home,,40.679313,-74.006119,,15,,,N,N,,DEMO
V-10232,000000000,DEMO-MLTC-01,DEMO-00006,CL-006,CG-007,SM-0232,S5125,2026-10-10,2026-10-10 10:00,2026-10-10 14:00,2026-10-10 09:56,2026-10-10 14:00,2026-10-10 09:56,2026-10-10 14:00,Home,7185550105,,,,Home,7185550105,,,,16,,,N,N,,DEMO
V-10233,000000000,DEMO-MLTC-01,DEMO-00031,CL-031,CG-017,SM-0233,S5125,2026-10-10,2026-10-10 10:00,2026-10-10 18:00,2026-10-10 10:02,2026-10-10 17:57,2026-10-10 10:02,2026-10-10 17:57,Home,,40.672778,-73.896192,,Home,,40.672765,-73.896839,,31,,,N,N,,DEMO
V-10234,000000000,DEMO-MLTC-01,DEMO-00004,CL-004,CG-040,SM-0234,T1019:U1,2026-10-10,2026-10-10 12:00,2026-10-10 20:00,2026-10-10 11:17,2026-10-10 19:58,2026-10-10 11:57,2026-10-10 19:58,Home,,40.673861,-73.931298,,Home,,40.673470,-73.931368,,32,,,N,N,,DEMO
V-10235,000000000,DEMO-MLTC-01,DEMO-00039,CL-039,CG-025,SM-0235,T1019:U1,2026-10-10,2026-10-10 14:00,2026-10-10 18:00,2026-10-10 14:02,2026-10-10 17:58,2026-10-10 14:02,2026-10-10 17:58,Home,,40.723868,-73.857003,,Home,,40.723593,-73.857834,,15,,,N,N,,DEMO
V-10236,000000000,DEMO-MLTC-01,DEMO-00043,CL-043,CG-027,SM-0236,T1019:U1,2026-10-10,2026-10-10 14:00,2026-10-10 18:00,2026-10-10 13:55,2026-10-10 17:58,2026-10-10 13:55,2026-10-10 17:58,Home,,40.720883,-73.840271,,Home,,40.720628,-73.840425,,16,,,N,N,,DEMO
V-10237,000000000,DEMO-MLTC-01,DEMO-00022,CL-022,CG-020,SM-0237,T1019:U1,2026-10-10,2026-10-10 16:00,2026-10-10 20:00,2026-10-10 15:55,2026-10-10 20:01,2026-10-10 15:55,2026-10-10 20:01,Home,,40.707313,-73.916407,,Home,,40.707208,-73.916218,,16,,,N,N,,DEMO
V-10238,000000000,DEMO-MLTC-01,DEMO-00037,CL-037,CG-022,SM-0238,S5125,2026-10-10,2026-10-10 16:00,2026-10-10 20:00,2026-10-10 15:58,2026-10-10 20:04,2026-10-10 15:58,2026-10-10 20:04,Home,,40.599179,-73.971490,,Home,,40.599073,-73.971231,,16,,,N,N,,DEMO
V-10239,000000000,DEMO-MLTC-01,DEMO-00044,CL-044,CG-034,SM-0239,S5125,2026-10-10,2026-10-10 16:00,2026-10-10 20:00,2026-10-10 16:00,2026-10-10 20:05,2026-10-10 16:00,2026-10-10 20:05,Home,,40.617243,-73.981998,,Home,,40.617343,-73.982025,,16,,,N,N,,DEMO
V-10240,000000000,DEMO-MLTC-01,,,CG-006,SM-0240,T1019:U1,2026-10-11,2026-10-11 07:00,2026-10-11 11:00,2026-10-11 07:01,2026-10-11 10:59,2026-10-11 07:01,2026-10-11 10:59,Home,,40.701506,-73.918387,,Home,,40.701959,-73.918433,,15,,,N,N,,DEMO
V-10241,000000000,DEMO-MLTC-01,DEMO-00013,CL-013,CG-001,SM-0241,S5125,2026-10-11,2026-10-11 07:00,2026-10-11 11:00,,2026-10-11 11:06,,2026-10-11 11:06,,,,,,Home,,40.770685,-73.921387,,16,,,N,N,,DEMO
V-10242,000000000,DEMO-MLTC-01,DEMO-00026,CL-026,CG-012,SM-0242,S5125,2026-10-11,2026-10-11 07:00,2026-10-11 11:00,2026-10-11 06:55,2026-10-11 11:05,2026-10-11 06:55,2026-10-11 11:05,Home,,40.672093,-73.897096,,Home,,40.672349,-73.897564,,16,,,N,N,,DEMO
V-10243,000000000,DEMO-MLTC-01,DEMO-00041,CL-041,CG-023,SM-0243,T1019:U1,2026-10-11,2026-10-11 08:00,2026-10-11 16:00,2026-10-11 08:03,2026-10-11 16:03,2026-10-11 08:03,2026-10-11 16:03,Home,,40.574946,-73.985324,,Home,,40.574606,-73.985791,,32,,,N,N,,DEMO
V-10244,000000000,DEMO-MLTC-01,DEMO-00045,CL-045,CG-036,SM-0244,T1019:U1,2026-10-11,2026-10-11 08:00,2026-10-11 12:00,2026-10-11 07:57,2026-10-11 11:59,2026-10-11 07:57,2026-10-11 11:59,Home,,40.637063,-74.018486,,Home,,40.637593,-74.017753,,16,,,N,N,,DEMO
V-10245,000000000,DEMO-MLTC-01,DEMO-00018,CL-018,CG-010,SM-0245,S5125,2026-10-11,2026-10-11 09:00,2026-10-11 13:00,2026-10-11 08:57,2026-10-11 13:03,2026-10-11 08:57,2026-10-11 13:03,Home,,40.679515,-74.005867,,Home,,40.679655,-74.005688,,16,,,N,N,,DEMO
V-10246,000000000,DEMO-MLTC-01,DEMO-00006,CL-006,CG-007,SM-0246,S5125,2026-10-11,2026-10-11 10:00,2026-10-11 14:00,2026-10-11 09:55,2026-10-11 14:04,2026-10-11 09:55,2026-10-11 14:04,Home,7185550105,,,,Home,7185550105,,,,16,,,N,N,,DEMO
V-10247,000000000,DEMO-MLTC-01,DEMO-00031,CL-031,CG-017,SM-0247,S5125,2026-10-11,2026-10-11 10:00,2026-10-11 18:00,2026-10-11 10:01,2026-10-11 18:04,2026-10-11 10:01,2026-10-11 18:04,Home,,40.673203,-73.896050,,Home,,40.672985,-73.896951,,32,,,N,N,,DEMO
V-10248,000000000,DEMO-MLTC-01,DEMO-00004,CL-004,CG-040,SM-0248,T1019:U1,2026-10-11,2026-10-11 12:00,2026-10-11 20:00,2026-10-11 11:55,2026-10-11 20:06,2026-10-11 11:55,2026-10-11 20:06,Home,,40.673872,-73.931968,,Home,,40.673519,-73.931390,,32,,,N,N,,DEMO
V-10249,000000000,DEMO-MLTC-01,DEMO-00039,CL-039,CG-025,SM-0249,T1019:U1,2026-10-11,2026-10-11 14:00,2026-10-11 18:00,2026-10-11 14:03,2026-10-11 18:02,2026-10-11 14:03,2026-10-11 18:02,Home,,40.723580,-73.857301,,Home,,40.723446,-73.857165,,15,,,N,N,,DEMO
V-10250,000000000,DEMO-MLTC-01,DEMO-00043,CL-043,CG-027,SM-0250,T1019:U1,2026-10-11,2026-10-11 14:00,2026-10-11 18:00,2026-10-11 13:55,2026-10-11 18:06,2026-10-11 13:55,2026-10-11 18:06,Home,,40.720900,-73.840203,,Home,,40.720384,-73.840099,,16,,,N,N,,DEMO
V-10251,000000000,DEMO-MLTC-01,DEMO-00022,CL-022,CG-020,SM-0251,T1019:U1,2026-10-11,2026-10-11 16:00,2026-10-11 20:00,2026-10-11 15:57,2026-10-11 20:04,2026-10-11 15:57,2026-10-11 20:04,Home,,40.706970,-73.916106,,Community,,40.720551,-73.916409,,16,,,N,N,,"DEMO, escort to clinic"
V-10253,000000000,DEMO-MLTC-01,DEMO-00044,CL-044,CG-034,SM-0253,S5125,2026-10-11,2026-10-11 16:00,2026-10-11 20:00,2026-10-11 15:58,2026-10-11 19:57,2026-10-11 15:58,2026-10-11 19:57,Home,,40.617097,-73.982670,,Home,,40.617103,-73.982445,,15,,,N,N,,DEMO
V-18001,000000000,DEMO-MLTC-01,DEMO-00003,CL-003,CG-004,SM-0089,S5125,2026-10-07,2026-10-07 07:00,2026-10-07 10:00,2026-10-07 07:01,2026-10-07 10:02,2026-10-07 07:01,2026-10-07 10:02,Home,,40.785053,-73.841479,,Home,,40.785290,-73.841376,,12,,,Y,N,,"DEMO, duplicate deleted"
V-19001,000000000,DEMO-MLTC-01,DEMO-00047,CL-047,CG-032,SM-0182,T1019:U1,2026-10-09,2026-10-09 07:00,2026-10-09 11:00,2026-10-09 06:59,2026-10-09 10:58,2026-10-09 06:59,2026-10-09 10:58,Home,,40.636930,-74.012383,,Home,,40.637308,-74.012102,,15,,,N,N,,DEMO
V-19002,000000000,DEMO-MLTC-01,DEMO-00049,CL-049,CG-028,,S5125,2026-10-10,,,2026-10-10 15:02,2026-10-10 17:01,2026-10-10 15:02,2026-10-10 17:01,Home,,40.600037,-73.998340,,Home,,40.599914,-73.998154,,7,,,N,N,,DEMO
