Armenia,ARM,1998,23.5,
Armenia,ARM,2010,20.38736,
Armenia,ARM,2014,10.89254,
Armenia,ARM,2022,17.51707,
Belarus,BLR,1993,25.02463,
Belarus,BLR,1998,22.99235,
Belarus,BLR,2004,38,
Belarus,BLR,2010,41.32299,
Belarus,BLR,2014,32.59855,
Belarus,BLR,2022,40.04594,
Georgia,GEO,1998,17.67928,
Georgia,GEO,2010,19.72111,
Georgia,GEO,2014,8.818635,
Georgia,GEO,2022,9.017171,
Kazakhstan,KAZ,2014,38.33274,
Kazakhstan,KAZ,2022,22.80564,
Kyrgyzstan,KGZ,2004,16.58677,
Kyrgyzstan,KGZ,2014,36.26667,
Kyrgyzstan,KGZ,2022,12.80132,
Moldova,MDA,1998,21.84959,
Moldova,MDA,2004,14.1357,
Moldova,MDA,2010,14.08897,
Russia,RUS,1993,34.72718,
Russia,RUS,1998,23.23529,
Russia,RUS,2004,22.93443,
Russia,RUS,2010,26.24944,
Russia,RUS,2014,27.84828,
Russia,RUS,2022,22.87902,
Ukraine,UKR,1998,28.77979,
Ukraine,UKR,2004,26.07209,
Ukraine,UKR,2010,25.98927,
Ukraine,UKR,2014,23.1215,
Ukraine,UKR,2022,28.34588,
United States,USA,1984,39.2496,
United States,USA,1993,49.9909,
United States,USA,1998,34.95129,
United States,USA,2004,35.51853,
United States,USA,2010,39.13124,
United States,USA,2014,34.81074,
United States,USA,2022,37.02172,
Uzbekistan,UZB,2014,13.86667,
Uzbekistan,UZB,2022,33.6,
