nomer,imya,kanal,data_otpravki,status,data_otveta,zametka
01,Olga Garibian,sms,2026-09-15,dostavleno,,"доставлено, не прочитано"
02,Анна Семенова,,2026-09-15,otvetil,2026-09-15,"ГОРЯЧАЯ. Была автоматизация на GoHighLevel — не устроило, как работает; готова обсуждать. Маша ответила: сервисы обновляются быстрее, чем собственники успевают следить; предложила глубокую диагностику БЕЗ оплаты (базовая $500) в обмен на видеоотзыв для публичного размещения или референсы; попросила удобные дату и время. Это сообщение Маши она ещё НЕ прочла."
03,Кристина Шадрина,telegram-direct,2026-09-09,zavisla,2026-09-02,"ОТДЕЛЬНАЯ ИСТОРИЯ, началась до волны 1 (около недели назад). Предложение: диагностика БЕЗ оплаты в обмен на отзыв и реферальное ведение по её комьюнити. Анкета по бизнесу ей отправлена. Ответ 02.09: «до выходных всё соберу», передаст своему маркетологу. Маша попросила связать с маркетологом. У неё сейчас запуск, переезжают на GPT. С 02.09 тишины две недели, анкета не заполнена."
04,Яна Беранек,,,ne-pisali,,НЕ ОТПРАВЛЕНО
05,Артём Лысков,sms,2026-09-15,otvetil,2026-09-15,"«Машенька, привет, спасибо, всё изучу». Маша: «до скорой связи тогда». Мягкий, без обязательств — нужен второй ход."
06,Анна Тураева,sms,2026-09-15,dostavleno,,"доставлено, не прочитано"
07,Лена Талан,,2026-09-15,sozvon,2026-09-15,"СОЗВОН НАЗНАЧЕН: Zoom, чт 17.09, 11:30. Будет с партнёршей — слушают вдвоём. Её слова: обе послушаем, что вы делаете."
08,Nadia Kuzmina,instagram-direct,2026-09-15,otkaz,2026-09-15,"Прочитано сразу. «Спасибо за информацию и предложение, но в данный момент не актуально. Как ваши дела?» Маша ответила тепло, отношения сохранены."
09,Екатерина Новикова,telegram,2026-09-15,otkaz,2026-09-15,"Отправлено 17:19. «Спасибо, буду иметь в виду». Маша: «конечно, успехов, на связи». Вежливый отказ."
10,Игорь Лён,,,ne-pisali,,НЕ ОТПРАВЛЕНО
11,Анжелика Getmancouk,sms,2026-09-15,prochitano,,"прочитала, не ответила. Абзац про франшизу ушёл в исходном виде — см. 2026-09-16-sverka-opisaniy.md"
12,Кирилл Комбаров,whatsapp,2026-09-15,napisali,,отправлено ЧЕРЕЗ ЖЕНУ Екатерину Комбарову — прямого контакта нет. Не прочитано.
13,Надя Луркова,,2026-09-15,prochitano,,"прочитала сегодня 16.09 в 13:59, не ответила"
14,Марина (Magic Body Spheres),,2026-09-15,prochitano,,"прочитала, не ответила"
15,Лада Попова,instagram-direct,2026-09-16,prochitano,,"отправлено утром 16.09, прочитано около 15:00, не ответила"
16,Мила Ануфриева,whatsapp,2026-09-16,otvetil,2026-09-17,"ОТВЕТИЛА 17.09, ИНТЕРЕС ЕСТЬ. Сейчас в ОАЭ, через два дня возвращается в Кению. Согласилась со всеми доводами: позиционированием её никто не занимается. Нанимала менеджера - вышло неудачно, теперь ИЩЕТ НАДЁЖНОГО МЕНЕДЖЕРА. СРАЗУ СПРОСИЛА ЦЕНУ. Догревать. ВНИМАНИЕ: ищет человека, а не систему - несовпадение назвать вслух, мы менеджеров не поставляем. Её честный продукт - ВИДИМОСТЬ $1500/квартал: единственная из добора, кому GEO продаётся честно (фильм, Al Jazeera, TRT, пресса на трёх языках - цитировать есть что). Крючок из письма: её robots.txt запрещает ClaudeBot, GPTBot, Google-Extended, Applebot-Extended, CCBot плюс запрет на обучение; у главной страницы пустой тег заголовка дважды. Кения и ОАЭ - не США, TCPA не применяется. Часовые пояса: Кения UTC+3 против тихоокеанского UTC-7, окно для звонка узкое - её утро это наша поздняя ночь."
